MEDIA_ID,MEDIA_NAME,CNT,TIME(2019/12/20 14:00:53.375),TIMETICK(f=10000000),FPOGX,FPOGY,FPOGS,FPOGD,FPOGID,FPOGV,BPOGX,BPOGY,BPOGV,CX,CY,CS,USER,LPCX,LPCY,LPD,LPS,LPV,RPCX,RPCY,RPD,RPS,RPV,BKID,BKDUR,BKPMIN,LPMM,LPMMV,RPMM,RPMMV,DIAL,DIALV,GSR,GSRV,HR,HRV,TTL0,TTL1,TTLV,PIXS,PIXV,AOI,SACCADE_MAG,SACCADE_DIR,
0,NewMedia0,7,0.12078,2904302943,0.46320,0.43507,0.00000,0.12078,1,1,0.47904,0.29521,1,1.34336,0.08542,0,,0.41090,0.45870,13.18016,0.99130,1,0.76907,0.44219,14.31864,0.98331,1,0,0.00000,9,3.67889,1,4.02508,1,0.00000,0,0.00000,0,0.00000,0,2147483647,2147483647,0,0.00000,0,Map2,0.00000,0.00000,
0,NewMedia0,35,0.57437,2908838892,0.48291,0.26613,0.13117,0.44320,2,1,0.47435,0.23516,1,1.11250,0.46597,0,,0.38673,0.46391,13.31951,1.01010,1,0.74424,0.44118,13.90205,1.00211,1,0,0.00000,9,4.02627,1,4.06644,1,0.00000,0,0.00000,0,0.00000,0,2147483647,2147483647,0,0.00000,0,Map2,248.45123,78.28236,
0,NewMedia0,70,1.14984,2914593559,0.47121,0.23654,0.59108,0.55876,3,1,0.46353,0.22407,1,1.08125,0.44375,0,,0.39044,0.46350,13.79242,0.99411,1,0.74800,0.44163,14.24655,0.99411,1,0,0.00000,9,4.00008,1,4.19807,1,0.00000,0,0.00000,0,0.00000,0,2147483647,2147483647,0,0.00000,0,Map2,52.08360,125.10496,
0,NewMedia0,108,1.77731,2920868288,0.47085,0.22866,1.16666,0.61065,4,1,0.47305,0.24871,1,1.08633,0.43889,0,,0.38990,0.46230,13.29191,0.96568,1,0.74855,0.44018,14.77703,0.96568,1,0,0.00000,9,3.77489,1,3.98397,1,0.00000,0,0.00000,0,0.00000,0,2147483647,2147483647,0,0.00000,0,Map2,11.38457,94.64342,
0,NewMedia0,152,2.49717,2928066907,0.46487,0.21859,1.79044,0.70673,5,1,0.44841,0.14566,0,1.08750,0.44583,0,,0.39597,0.45926,9.43363,0.99583,0,0.75561,0.43851,9.33902,0.99583,0,10,0.00000,9,3.17433,0,3.67313,0,0.00000,0,0.00000,0,0.00000,0,2147483647,2147483647,0,0.00000,0,Map2,21.08625,136.55251,
0,NewMedia0,241,3.95907,2942685909,0.06156,0.30709,2.71253,1.24654,6,1,0.06174,0.22856,1,1.05742,0.47986,0,,0.37869,0.45909,13.15817,0.92689,1,0.73862,0.44277,14.36070,0.92689,1,0,0.00000,10,3.51289,1,3.69226,1,0.00000,0,0.00000,0,0.00000,0,2147483647,2147483647,0,0.00000,0,Task,1040.30896,187.03651,
0,NewMedia0,320,5.25687,2955663899,0.09390,0.25142,3.97532,1.28155,7,1,0.11243,-0.25670,0,0.55742,0.43403,0,,0.38054,0.44207,17.82007,0.93888,0,0.76018,0.43597,18.78070,0.93888,0,11,0.00000,10,7.24560,0,8.24726,0,0.00000,0,0.00000,0,0.00000,0,2147483647,2147483647,0,0.00000,0,Task,115.24171,44.07692,
0,NewMedia0,350,5.75004,2960595561,0.07803,0.12376,5.47190,0.27813,8,1,0.08879,0.08747,1,0.54648,0.40556,0,,0.36766,0.44249,14.07749,0.93888,1,0.72379,0.41465,14.85908,0.93888,1,0,0.00000,11,3.87905,1,4.05957,1,0.00000,0,0.00000,0,0.00000,0,2147483647,2147483647,0,0.00000,0,Task,188.26627,102.46226,
0,NewMedia0,385,6.32479,2966343120,0.51899,0.94186,6.01341,0.31138,9,1,0.56201,0.81076,0,0.11719,0.10972,0,,0.41099,0.43970,6.61644,1.02426,0,0.76864,0.42282,11.40437,1.02426,0,0,0.00000,12,2.94470,0,3.61917,0,0.00000,0,0.00000,0,0.00000,0,2147483647,2147483647,0,0.00000,0,,1631.61096,313.77808,
0,NewMedia0,423,6.94910,2972586202,0.08607,0.09329,6.58930,0.35981,10,1,0.11575,0.03430,1,0.11094,0.04167,0,,0.39107,0.40387,12.41146,0.94558,1,0.74260,0.39697,13.85908,0.95269,1,0,0.00000,12,3.40765,1,3.74260,1,0.00000,0,0.00000,0,0.00000,0,2147483647,2147483647,0,0.00000,0,Task,1649.67053,132.20738,
0,NewMedia0,445,7.31045,2976199724,0.08044,0.09926,6.96595,0.34451,11,1,0.33719,0.49482,1,0.11094,0.04167,0,,0.36956,0.35891,14.43372,0.95228,1,0.72536,0.35576,15.61853,0.95228,1,0,0.00000,12,4.26676,1,4.28352,1,0.00000,0,0.00000,0,0.00000,0,2147483647,2147483647,0,0.00000,0,Task,16.78196,210.81479,
0,NewMedia0,462,7.59060,2979001204,1.03627,1.47829,7.47515,0.11545,12,1,1.11809,1.68499,1,0.11094,0.04167,0,,0.44398,0.40550,14.20856,0.91381,1,0.78441,0.40700,15.41732,0.90745,0,0,0.00000,12,3.75810,1,4.81393,0,0.00000,0,0.00000,0,0.00000,0,2147483647,2147483647,0,0.00000,0,,3151.32593,320.93893,
0,NewMedia0,478,7.85530,2981648132,1.32752,1.82583,7.65576,0.19954,13,1,1.24672,1.65649,0,0.11094,0.04167,0,,0.46914,0.38661,10.17707,0.88947,0,0.83241,0.41674,14.05078,0.88947,0,0,0.00000,12,2.87416,0,4.15400,0,0.00000,0,0.00000,0,0.00000,0,2147483647,2147483647,0,0.00000,0,,897.98492,326.12991,
0,NewMedia0,511,8.39581,2987053278,0.03097,0.05672,8.11967,0.27614,14,1,-0.04007,-0.06589,1,0.01523,0.00000,0,,0.22937,0.28158,14.22196,0.84499,1,0.60072,0.25353,15.51943,0.84499,1,0,0.00000,13,3.90097,1,4.18253,1,0.00000,0,0.00000,0,0.00000,0,2147483647,2147483647,0,0.00000,0,Task,4184.10400,142.49313,
0,NewMedia0,534,8.77355,2990830707,-0.01667,-0.06731,8.46009,0.31346,15,1,0.04846,0.09690,1,0.03086,0.04653,0,,0.26070,0.25466,14.32292,0.83568,1,0.63417,0.24256,15.09001,0.82579,1,0,0.00000,13,3.76395,1,3.95068,1,0.00000,0,0.00000,0,0.00000,0,2147483647,2147483647,0,0.00000,0,,216.27055,124.32703,
0,NewMedia0,573,9.41344,2997229628,0.03496,0.07448,8.88904,0.52441,16,1,0.03063,0.06875,1,0.03477,0.03889,3,,0.31709,0.25125,14.36568,0.83493,1,0.69004,0.26091,15.13542,0.83493,1,0,0.00000,13,3.77826,1,3.94262,1,0.00000,0,0.00000,0,0.00000,0,2147483647,2147483647,0,0.00000,0,Task,243.22447,302.91669,
0,NewMedia0,614,10.08691,3003964319,0.05651,0.10434,9.43620,0.65071,17,1,0.11602,0.16056,1,0.27695,0.47778,0,,0.33679,0.25436,15.10303,0.83684,1,0.71134,0.27050,16.41214,0.82593,1,0,0.00000,13,3.87869,1,4.23653,1,0.00000,0,0.00000,0,0.00000,0,2147483647,2147483647,0,0.00000,0,Task,69.94549,322.06683,
0,NewMedia0,636,10.44828,3007577962,0.11306,0.14961,10.15262,0.29566,18,1,0.10641,0.12027,1,0.28164,0.46042,0,,0.33675,0.25555,14.13013,0.82645,1,0.71304,0.27491,15.66461,0.81744,1,0,0.00000,13,3.65093,1,4.14415,1,0.00000,0,0.00000,0,0.00000,0,2147483647,2147483647,0,0.00000,0,Task,158.76823,335.75803,
0,NewMedia0,649,10.68024,3009897584,0.23295,0.25899,10.46453,0.21571,19,1,0.34210,0.34145,1,0.36133,0.37431,0,,0.35045,0.27042,15.93204,0.87425,1,0.72852,0.28918,17.38819,0.88061,1,0,0.00000,13,4.12904,1,4.29792,1,0.00000,0,0.00000,0,0.00000,0,2147483647,2147483647,0,0.00000,0,,344.97452,332.83359,
0,NewMedia0,666,10.94069,3012502129,0.44861,0.45323,10.72751,0.21319,20,1,0.58851,0.62711,1,0.41016,0.35000,0,,0.36702,0.28001,14.45290,0.88374,1,0.74685,0.29958,14.54126,0.88374,1,0,0.00000,13,3.65830,1,3.78259,1,0.00000,0,0.00000,0,0.00000,0,2147483647,2147483647,0,0.00000,0,,618.90082,333.13184,
0,NewMedia0,683,11.22102,3015305389,0.53547,0.69854,11.00636,0.21466,21,1,0.52459,0.73569,1,0.41641,0.35347,0,,0.36646,0.28936,12.17115,0.84680,1,0.74961,0.32531,12.26984,0.85669,1,0,0.00000,13,3.33033,1,3.65847,1,0.00000,0,0.00000,0,0.00000,0,2147483647,2147483647,0,0.00000,0,Map4,417.40591,302.18961,
0,NewMedia0,781,12.83043,3031399484,0.55791,0.73522,11.23709,1.59334,22,1,0.59730,0.77120,1,0.54766,0.72847,0,,0.38674,0.31704,12.72953,0.83507,1,0.77834,0.35997,12.72391,0.83507,1,0,0.00000,13,3.18415,1,3.37608,1,0.00000,0,0.00000,0,0.00000,0,2147483647,2147483647,0,0.00000,0,Map4,78.03819,317.40295,
0,NewMedia0,817,13.42173,3037312507,0.59514,0.73440,12.84676,0.57497,23,1,0.51252,0.71703,1,0.54766,0.72847,0,,0.38708,0.31198,11.31316,0.81660,1,0.77744,0.35686,12.66563,0.81660,1,0,0.00000,13,3.16073,1,3.35929,1,0.00000,0,0.00000,0,0.00000,0,2147483647,2147483647,0,0.00000,0,Map4,95.31603,0.70981,
0,NewMedia0,833,13.68557,3039950858,0.48458,0.64068,13.43949,0.24608,24,1,0.46790,0.52280,1,0.54766,0.71181,0,,0.38368,0.30648,13.68344,0.82547,1,0.77328,0.35153,14.22616,0.82547,1,0,0.00000,13,3.50246,1,3.55619,1,0.00000,0,0.00000,0,0.00000,0,2147483647,2147483647,0,0.00000,0,Map4,313.56232,154.50714,
0,NewMedia0,850,13.96400,3042735214,0.51309,0.58011,13.70127,0.26273,25,1,0.62289,0.58621,1,0.60898,0.60833,0,,0.38676,0.30937,14.04295,0.80545,1,0.77760,0.35265,13.77841,0.80545,1,0,0.00000,13,3.57005,1,3.74875,1,0.00000,0,0.00000,0,0.00000,0,2147483647,2147483647,0,0.00000,0,Map4,113.72945,50.07766,
0,NewMedia0,974,16.00102,3063105387,0.60871,0.60178,13.98033,2.02069,26,1,0.55879,0.74900,1,0.63633,0.58194,0,,0.37618,0.32135,12.81690,0.83644,1,0.76782,0.36357,13.25710,0.84115,1,0,0.00000,13,3.28630,1,3.58905,1,0.00000,0,0.00000,0,0.00000,0,2147483647,2147483647,0,0.00000,0,Map4,246.76805,352.73529,
0,NewMedia0,1104,18.14076,3084502784,0.54530,0.72007,16.06654,2.07422,27,1,0.61245,0.62665,1,0.62695,0.59792,0,,0.37431,0.31986,13.80258,0.82428,1,0.76625,0.35993,13.76800,0.82428,1,0,0.00000,13,3.48207,1,3.75363,1,0.00000,0,0.00000,0,0.00000,0,2147483647,2147483647,0,0.00000,0,Map4,235.29936,226.37897,
0,NewMedia0,1125,18.48169,3087912120,0.58233,0.66703,18.20222,0.27948,28,1,0.53803,0.70043,1,0.61680,0.60139,0,,0.36960,0.32256,12.71901,0.81957,1,0.76155,0.36454,13.23423,0.82946,1,0,0.00000,13,3.37021,1,3.26429,1,0.00000,0,0.00000,0,0.00000,0,2147483647,2147483647,0,0.00000,0,Map4,121.73724,38.85833,
0,NewMedia0,1170,19.22241,3095319280,0.55297,0.71856,18.49804,0.72437,29,1,0.57291,0.65107,1,0.61211,0.61042,0,,0.37285,0.31957,13.39823,0.84076,1,0.76376,0.36137,13.56694,0.83558,1,0,0.00000,13,3.56364,1,3.56868,1,0.00000,0,0.00000,0,0.00000,0,2147483647,2147483647,0,0.00000,0,Map4,105.61900,224.63232,
0,NewMedia0,1228,20.17422,3104837375,0.61233,0.57899,19.24084,0.93338,30,1,0.52447,0.69200,1,0.55898,0.59097,0,,0.36925,0.32495,11.69719,0.84597,1,0.76050,0.36523,12.37661,0.85687,1,0,0.00000,13,3.30327,1,3.45823,1,0.00000,0,0.00000,0,0.00000,0,2147483647,2147483647,0,0.00000,0,Map4,251.96347,52.90705,
0,NewMedia0,1319,21.66938,3119789028,0.51309,0.65167,20.23958,1.42981,31,1,0.62361,0.45394,1,0.47148,0.65000,0,,0.37223,0.31714,12.67207,0.80881,1,0.76541,0.35868,12.40400,0.81971,1,0,0.00000,13,3.34939,1,3.93961,1,0.00000,0,0.00000,0,0.00000,0,2147483647,2147483647,0,0.00000,0,Map4,274.76743,202.38950,
0,NewMedia0,1341,22.03060,3123401206,0.75724,0.30589,21.73759,0.29301,32,1,0.68299,0.38925,1,0.47461,0.65486,0,,0.37674,0.31729,13.28559,0.82517,1,0.76902,0.35831,13.75760,0.82046,1,0,0.00000,13,3.71506,1,4.23851,1,0.00000,0,0.00000,0,0.00000,0,2147483647,2147483647,0,0.00000,0,Histogram,799.11346,38.54246,
0,NewMedia0,1378,22.63814,3129476610,0.51832,0.65291,22.09712,0.54102,33,1,0.66792,0.74494,1,0.50898,0.67708,0,,0.37959,0.33021,14.29657,0.81452,1,0.77111,0.37161,15.43889,0.81452,1,0,0.00000,13,3.11090,1,3.41394,1,0.00000,0,0.00000,0,0.00000,0,2147483647,2147483647,0,0.00000,0,Map4,789.81415,219.24898,
0,NewMedia0,1396,22.93394,3132434559,0.78347,0.82425,22.70429,0.22965,34,1,0.85148,0.84886,1,0.51016,0.67431,0,,0.39680,0.33482,13.02089,0.80557,1,0.79050,0.37817,14.08785,0.81546,1,0,0.00000,13,3.75540,1,3.86115,1,0.00000,0,0.00000,0,0.00000,0,2147483647,2147483647,0,0.00000,0,Ranking,722.23468,340.02441,
0,NewMedia0,1409,23.14846,3134579811,0.67564,0.75399,22.95145,0.19701,35,1,0.53917,0.67414,1,0.51016,0.67292,0,,0.38226,0.32527,12.26323,0.81511,1,0.77350,0.37048,12.96970,0.82029,1,0,0.00000,13,3.14814,1,3.48770,1,0.00000,0,0.00000,0,0.00000,0,2147483647,2147483647,0,0.00000,0,Ranking,294.00156,159.87140,
0,NewMedia0,1435,23.57620,3138857188,0.55518,0.64680,23.21391,0.36230,36,1,0.74146,0.34088,1,0.51016,0.67292,0,,0.39521,0.31596,13.95000,0.84499,1,0.78693,0.36083,14.03711,0.84499,1,0,0.00000,12,4.05131,1,4.29243,1,0.00000,0,0.00000,0,0.00000,0,2147483647,2147483647,0,0.00000,0,Map4,344.85034,153.41045,
0,NewMedia0,1460,23.98803,3142975484,0.80919,0.30814,23.64060,0.34743,37,1,0.85009,0.26898,1,0.51016,0.67292,0,,0.40140,0.31377,14.39680,0.83062,1,0.79487,0.35331,14.60330,0.82073,1,0,0.00000,12,4.53203,1,3.44371,1,0.00000,0,0.00000,0,0.00000,0,2147483647,2147483647,0,0.00000,0,Histogram,812.81464,36.86827,
0,NewMedia0,1479,24.29773,3146072497,0.84898,0.24420,24.00390,0.29382,38,1,0.70196,0.21146,1,0.51016,0.67292,0,,0.39346,0.31084,14.24591,0.80964,1,0.78493,0.35458,15.17853,0.81481,1,0,0.00000,12,4.56332,1,4.93447,1,0.00000,0,0.00000,0,0.00000,0,2147483647,2147483647,0,0.00000,0,Histogram,137.30815,42.11045,
0,NewMedia0,1489,24.46569,3147752070,0.61528,0.28321,24.36662,0.09908,39,1,0.38321,0.62963,1,0.50781,0.67083,0,,0.37719,0.32418,13.59181,0.84499,1,0.76562,0.36991,16.29176,0.84499,1,0,0.00000,12,3.51386,1,3.67951,1,0.00000,0,0.00000,0,0.00000,0,2147483647,2147483647,0,0.00000,0,Map2,600.90369,185.36403,
0,NewMedia0,1521,25.00694,3153164572,0.37866,0.70108,24.52934,0.47760,40,1,0.36077,0.73030,1,0.37656,0.70903,0,,0.36399,0.33092,13.24815,0.82232,1,0.75378,0.37395,15.05414,0.82804,1,0,0.00000,12,3.50810,1,3.49605,1,0.00000,0,0.00000,0,0.00000,0,2147483647,2147483647,0,0.00000,0,Map3,853.82196,224.80952,
0,NewMedia0,1575,25.89126,3162007741,0.37140,0.71211,25.02436,0.86690,41,1,0.51650,0.41875,1,0.37656,0.70903,0,,0.37623,0.31776,13.55475,0.82232,1,0.76762,0.36143,15.02588,0.82804,1,0,0.00000,12,3.32700,1,3.73237,1,0.00000,0,0.00000,0,0.00000,0,2147483647,2147483647,0,0.00000,0,Map3,24.44784,220.51700,
0,NewMedia0,1600,26.30193,3166114520,0.82661,0.20768,25.95924,0.34269,42,1,0.83586,0.18634,1,0.37656,0.70903,0,,0.40073,0.30885,13.52084,0.81999,1,0.79259,0.35268,14.33522,0.81481,1,0,0.00000,12,3.24383,1,3.28889,1,0.00000,0,0.00000,0,0.00000,0,2147483647,2147483647,0,0.00000,0,Histogram,1373.18555,31.93614,
0,NewMedia0,1623,26.68163,3169911441,0.84901,0.17052,26.31955,0.36208,43,1,0.86909,0.27057,1,0.34531,0.85139,0,,0.39847,0.30671,13.51497,0.78592,1,0.79090,0.34895,14.14851,0.78592,1,0,0.00000,12,3.34033,1,3.44748,1,0.00000,0,0.00000,0,0.00000,0,2147483647,2147483647,0,0.00000,0,Histogram,78.43277,43.01939,
0,NewMedia0,1636,26.89417,3172036772,0.73374,0.41258,26.69653,0.19762,44,1,0.33606,0.88307,1,0.34609,0.87639,0,,0.36515,0.33365,14.01243,0.80180,1,0.75317,0.37641,14.94798,0.80698,1,0,0.00000,11,3.35291,1,3.87875,1,0.00000,0,0.00000,0,0.00000,0,2147483647,2147483647,0,0.00000,0,Histogram,456.70282,229.74924,
0,NewMedia0,1679,27.59932,3179088375,0.34306,0.88027,26.95960,0.63972,45,1,0.38057,0.87321,1,0.34961,0.87500,0,,0.37136,0.33080,14.20730,0.78701,1,0.76321,0.37464,14.93334,0.79791,1,0,0.00000,11,3.24214,1,3.66640,1,0.00000,0,0.00000,0,0.00000,0,2147483647,2147483647,0,0.00000,0,Map3,1205.75623,213.95549,
0,NewMedia0,1713,28.15793,3184674560,0.83199,0.30078,27.71444,0.44350,46,1,0.85711,0.31823,1,0.33516,0.87083,0,,0.39433,0.30861,13.55695,0.80005,1,0.78690,0.34898,14.02082,0.79534,1,0,0.00000,11,3.25807,1,3.24744,1,0.00000,0,0.00000,0,0.00000,0,2147483647,2147483647,0,0.00000,0,Histogram,1504.32312,33.69086,
0,NewMedia0,1758,28.89729,3192068020,0.85785,0.29644,28.17545,0.72184,47,1,0.71276,0.29955,1,0.46797,0.70903,0,,0.38717,0.31403,15.98087,0.84812,1,0.77946,0.35407,17.20298,0.83824,1,0,0.00000,11,4.34308,1,4.37994,1,0.00000,0,0.00000,0,0.00000,0,2147483647,2147483647,0,0.00000,0,Histogram,66.49575,5.39290,
0,NewMedia0,1797,29.53808,3198475938,0.49571,0.38879,28.97521,0.56287,48,1,0.53974,0.08678,1,0.50937,0.37986,0,,0.37726,0.30817,12.99766,0.83005,1,0.76692,0.35043,15.00417,0.82487,1,0,0.00000,11,4.40762,1,4.86737,1,0.00000,0,0.00000,0,0.00000,0,2147483647,2147483647,0,0.00000,0,Map2,936.56769,188.16307,
0,NewMedia0,1839,30.22813,3205376523,0.56647,0.03448,29.60489,0.62325,49,1,0.56628,0.08677,1,0.50937,0.37986,0,,0.38393,0.29891,13.32194,0.78592,1,0.77521,0.34151,14.95043,0.78592,1,0,0.00000,11,3.27811,1,3.46353,1,0.00000,0,0.00000,0,0.00000,0,2147483647,2147483647,0,0.00000,0,,541.40961,70.45290,
0,NewMedia0,1870,30.73808,3210476017,0.82884,0.30858,30.34296,0.39512,50,1,0.85008,0.26825,1,0.50937,0.37986,0,,0.40311,0.31218,13.84721,0.80022,1,0.79566,0.35366,14.37922,0.80493,1,0,0.00000,11,3.28049,1,3.35905,1,0.00000,0,0.00000,0,0.00000,0,2147483647,2147483647,0,0.00000,0,Histogram,779.05591,329.55945,
0,NewMedia0,1890,31.06593,3213754448,0.74721,0.24086,30.75412,0.31181,51,1,0.52708,0.25521,1,0.44570,0.33889,0,,0.38063,0.31326,15.35557,0.81527,1,0.77169,0.35494,17.10094,0.80627,1,0,0.00000,11,3.95511,1,4.22547,1,0.00000,0,0.00000,0,0.00000,0,2147483647,2147483647,0,0.00000,0,Histogram,230.60617,154.98398,
0,NewMedia0,1930,31.72429,3220338154,0.29965,0.32771,31.13161,0.59269,52,1,0.30890,0.28575,1,0.29141,0.32708,0,,0.36031,0.31698,13.19102,0.85156,1,0.75165,0.35838,15.41692,0.84583,1,0,0.00000,11,4.25375,1,4.18017,1,0.00000,0,0.00000,0,0.00000,0,2147483647,2147483647,0,0.00000,0,Map1,1152.55908,186.22942,
0,NewMedia0,1946,31.98766,3222971657,0.35083,0.28707,31.74014,0.24751,53,1,0.56364,0.25337,1,0.29141,0.32708,0,,0.37857,0.31256,13.96607,0.80993,1,0.77144,0.35264,15.55601,0.80993,1,0,0.00000,11,4.02279,1,4.31972,1,0.00000,0,0.00000,0,0.00000,0,2147483647,2147483647,0,0.00000,0,Map1,143.49640,24.06836,
0,NewMedia0,1972,32.41314,3227226550,0.82796,0.24691,32.05565,0.35748,54,1,0.75842,0.23942,1,0.29141,0.32708,0,,0.38919,0.31378,14.48396,0.82656,1,0.78032,0.35489,14.85528,0.83746,1,0,0.00000,11,4.26273,1,4.83923,1,0.00000,0,0.00000,0,0.00000,0,2147483647,2147483647,0,0.00000,0,Histogram,1222.82117,2.71068,
0,NewMedia0,1993,32.75877,3230682894,0.79107,0.22777,32.42947,0.32930,55,1,0.83279,0.25742,1,0.29141,0.32708,0,,0.39560,0.31157,13.64437,0.82428,1,0.78705,0.35147,14.18909,0.82428,1,0,0.00000,11,3.24831,1,3.34825,1,0.00000,0,0.00000,0,0.00000,0,2147483647,2147483647,0,0.00000,0,Histogram,98.37819,163.73026,
0,NewMedia0,2006,32.97309,3232826071,0.80978,0.41500,32.77562,0.19747,56,1,0.78655,0.72595,1,0.29141,0.32708,0,,0.39231,0.33021,14.34593,0.84046,1,0.78253,0.37080,14.59416,0.83575,1,0,0.00000,11,3.69640,1,3.84337,1,0.00000,0,0.00000,0,0.00000,0,2147483647,2147483647,0,0.00000,0,Histogram,273.83276,280.07376,
0,NewMedia0,2025,33.28428,3235937980,0.77240,0.66242,33.03878,0.24550,57,1,0.76766,0.51363,1,0.29141,0.32708,0,,0.39209,0.32223,14.26149,0.85578,1,0.78394,0.36379,13.88519,0.85578,1,0,0.00000,11,3.83132,1,4.24417,1,0.00000,0,0.00000,0,0.00000,0,2147483647,2147483647,0,0.00000,0,Ranking,368.91190,254.96600,
0,NewMedia0,2066,33.95788,3242673922,0.70295,0.52079,33.35029,0.60759,58,1,0.71118,0.58603,0,0.40547,0.40694,0,,0.39079,0.32398,9.69595,0.82702,0,0.78525,0.35840,11.35732,0.82702,0,14,0.00000,11,2.92762,0,3.93942,0,0.00000,0,0.00000,0,0.00000,0,2147483647,2147483647,0,0.00000,0,Ranking,270.56320,131.08046,
0,NewMedia0,2111,34.69705,3250065705,0.49095,0.82094,34.27104,0.42601,59,1,0.52148,0.70966,1,0.53125,0.61667,0,,0.37204,0.32813,13.10305,0.82457,1,0.76280,0.36810,13.99257,0.81469,1,0,0.00000,12,3.39222,1,3.41887,1,0.00000,0,0.00000,0,0.00000,0,2147483647,2147483647,0,0.00000,0,Map4,693.79797,218.53342,
0,NewMedia0,2142,35.20677,3255162895,0.53682,0.69526,34.71367,0.49310,60,1,0.55618,0.66896,1,0.54492,0.69167,0,,0.37453,0.32737,12.90116,0.81969,1,0.76606,0.36760,13.52758,0.82487,1,0,0.00000,12,3.47883,1,3.61494,1,0.00000,0,0.00000,0,0.00000,0,2147483647,2147483647,0,0.00000,0,Map4,215.73734,57.02275,
0,NewMedia0,2164,35.57081,3258803275,0.53677,0.66288,35.22737,0.34344,61,1,0.47835,0.65063,1,0.54531,0.69167,0,,0.37042,0.32570,13.88149,0.80963,1,0.76212,0.36670,15.34175,0.80963,1,0,0.00000,12,3.46250,1,3.47835,1,0.00000,0,0.00000,0,0.00000,0,2147483647,2147483647,0,0.00000,0,Map4,46.62737,90.15735,
0,NewMedia0,2205,36.24218,3265516960,0.50978,0.71907,35.58391,0.65826,62,1,0.48784,0.67659,1,0.51367,0.72083,0,,0.36490,0.33165,13.48109,0.83523,1,0.75734,0.37007,14.03448,0.83523,1,0,0.00000,12,3.17626,1,3.27329,1,0.00000,0,0.00000,0,0.00000,0,2147483647,2147483647,0,0.00000,0,Map4,106.40041,229.50508,
0,NewMedia0,2222,36.52068,3268301977,0.50440,0.73704,36.25774,0.26294,63,1,0.57896,0.86090,1,0.49219,0.78056,0,,0.36716,0.33807,12.75194,0.79063,1,0.75935,0.37374,12.38444,0.79581,1,0,0.00000,12,3.20021,1,3.42580,1,0.00000,0,0.00000,0,0.00000,0,2147483647,2147483647,0,0.00000,0,Map4,29.31367,241.97617,
0,NewMedia0,2263,37.19469,3275042015,0.56731,0.85807,36.58617,0.60851,64,1,0.56255,0.88755,1,0.55313,0.87569,0,,0.36980,0.34058,12.76506,0.82428,1,0.76271,0.37811,13.70533,0.82428,1,0,0.00000,12,3.29417,1,3.37934,1,0.00000,0,0.00000,0,0.00000,0,2147483647,2147483647,0,0.00000,0,Map4,237.30066,312.73999,
0,NewMedia0,2346,38.55743,3288669526,0.55200,0.86141,37.21022,1.34721,65,1,0.60807,0.67981,1,0.54062,0.86250,0,,0.37841,0.33479,13.47076,0.86216,1,0.77046,0.37407,13.64980,0.85644,1,0,0.00000,12,3.39846,1,3.58732,1,0.00000,0,0.00000,0,0.00000,0,2147483647,2147483647,0,0.00000,0,Map4,39.48748,186.99599,
0,NewMedia0,2369,38.93585,3292453709,0.83098,0.30723,38.62377,0.31208,66,1,0.85404,0.29915,1,0.54062,0.86250,0,,0.39286,0.32338,13.61473,0.85611,1,0.78641,0.35770,14.17984,0.85611,1,0,0.00000,12,4.59009,1,3.38397,1,0.00000,0,0.00000,0,0.00000,0,2147483647,2147483647,0,0.00000,0,Histogram,1070.93433,48.17299,
0,NewMedia0,2402,39.47754,3297870563,0.84371,0.30885,38.95206,0.52548,67,1,0.71041,0.39499,1,0.54062,0.86250,0,,0.38017,0.32564,14.87743,0.88407,1,0.77252,0.36287,14.91655,0.87317,1,0,0.00000,12,3.89367,1,4.11499,1,0.00000,0,0.00000,0,0.00000,0,2147483647,2147483647,0,0.00000,0,Histogram,32.67225,355.90561,
0,NewMedia0,2448,40.23306,3305425695,0.52473,0.80448,39.54308,0.68997,68,1,0.63428,0.62598,1,0.51680,0.81042,0,,0.37819,0.33245,14.05432,0.81451,1,0.76938,0.37021,12.73643,0.81451,1,0,0.00000,12,3.32119,1,3.73032,1,0.00000,0,0.00000,0,0.00000,0,2147483647,2147483647,0,0.00000,0,Map4,1084.52539,221.15379,
0,NewMedia0,2474,40.66055,3309700702,0.83375,0.34166,40.29883,0.36172,69,1,0.83961,0.31925,1,0.51680,0.81042,0,,0.39433,0.32416,13.93895,0.89582,1,0.78630,0.36332,14.88168,0.88946,1,0,0.00000,12,4.66348,1,4.61633,1,0.00000,0,0.00000,0,0.00000,0,2147483647,2147483647,0,0.00000,0,Histogram,1034.40564,40.11272,
0,NewMedia0,2492,40.95641,3312659186,0.81961,0.29142,40.67727,0.27913,70,1,0.78033,0.27737,1,0.51680,0.81042,0,,0.39188,0.32069,14.07799,0.80963,1,0.78430,0.35882,15.11177,0.80963,1,0,0.00000,12,4.40736,1,4.70578,1,0.00000,0,0.00000,0,0.00000,0,2147483647,2147483647,0,0.00000,0,Histogram,80.89621,116.58118,
0,NewMedia0,2559,42.05731,3323668309,0.32345,0.81181,41.36810,0.68921,71,1,0.30404,0.78653,1,0.30391,0.77778,0,,0.35052,0.34355,12.99799,0.80475,1,0.74186,0.38002,14.51528,0.80475,1,0,0.00000,13,3.34228,1,3.37174,1,0.00000,0,0.00000,0,0.00000,0,2147483647,2147483647,0,0.00000,0,Map3,1474.74536,210.53932,
0,NewMedia0,2618,43.02690,3333364169,0.30492,0.75875,42.07311,0.95379,72,1,0.35230,0.70913,1,0.30234,0.74792,0,,0.36010,0.33656,12.84986,0.84264,1,0.75184,0.37546,14.47047,0.84264,1,0,0.00000,13,3.25039,1,3.53166,1,0.00000,0,0.00000,0,0.00000,0,2147483647,2147483647,0,0.00000,0,Map3,89.93445,121.83400,
0,NewMedia0,2659,43.69968,3340092015,0.77802,0.24908,43.14307,0.55661,73,1,0.77031,0.31356,1,0.30234,0.74792,0,,0.39179,0.32485,14.50837,0.77261,1,0.78592,0.35471,14.17431,0.77261,1,0,0.00000,13,4.78155,1,3.33924,1,0.00000,0,0.00000,0,0.00000,0,2147483647,2147483647,0,0.00000,0,Histogram,1416.15540,31.21505,
0,NewMedia0,2665,43.79823,3341077513,0.76439,0.38855,43.71639,0.08184,74,1,0.72416,0.65619,1,0.30234,0.74792,0,,0.39000,0.33493,12.78784,0.82173,1,0.78051,0.37007,12.10946,0.82643,1,0,0.00000,13,4.21398,1,4.86961,1,0.00000,0,0.00000,0,0.00000,0,2147483647,2147483647,0,0.00000,0,Histogram,203.84538,260.14398,
0,NewMedia0,2722,44.73486,3350443818,0.65737,0.79598,43.86440,0.87047,75,1,0.50723,0.71439,1,0.30234,0.74792,0,,0.37244,0.34048,12.75363,0.80056,1,0.76571,0.37981,12.35467,0.80056,1,0,0.00000,13,2.91849,1,3.42295,1,0.00000,0,0.00000,0,0.00000,0,2147483647,2147483647,0,0.00000,0,Ranking,647.51532,244.96881,
0,NewMedia0,2750,45.19462,3355041455,0.47918,0.72185,44.80024,0.39439,76,1,0.46818,0.80946,1,0.30234,0.74792,0,,0.36394,0.34671,11.72067,0.80475,1,0.75651,0.38368,12.57830,0.80475,1,0,0.00000,13,3.13348,1,3.32193,1,0.00000,0,0.00000,0,0.00000,0,2147483647,2147483647,0,0.00000,0,Map4,468.48984,166.82925,
0,NewMedia0,2765,45.44181,3357513290,0.55873,0.83511,45.21124,0.23058,77,1,0.72329,0.86010,1,0.30234,0.74792,0,,0.37959,0.35087,11.86143,0.81555,1,0.77296,0.38713,14.58197,0.81555,1,0,0.00000,13,3.07096,1,3.53148,1,0.00000,0,0.00000,0,0.00000,0,2147483647,2147483647,0,0.00000,0,Map4,260.90677,321.31000,
0,NewMedia0,2788,45.81900,3361285189,0.71052,0.81469,45.50678,0.31222,78,1,0.67610,0.79977,1,0.37383,0.71319,0,,0.37708,0.34582,13.50776,0.84003,1,0.77043,0.38342,13.31422,0.84521,1,0,0.00000,13,3.16464,1,3.42359,1,0.00000,0,0.00000,0,0.00000,0,2147483647,2147483647,0,0.00000,0,Ranking,389.69339,4.32745,
0,NewMedia0,2830,46.50932,3368188425,0.67084,0.79734,45.83528,0.67404,79,1,0.79059,0.81213,1,0.47305,0.64306,0,,0.38845,0.34455,13.02370,0.81940,1,0.78291,0.38399,14.31056,0.81940,1,0,0.00000,13,3.18604,1,3.82997,1,0.00000,0,0.00000,0,0.00000,0,2147483647,2147483647,0,0.00000,0,Ranking,104.60813,166.18224,
0,NewMedia0,2873,47.21586,3375253747,0.82640,0.78477,46.57575,0.64011,80,1,0.83675,0.62330,1,0.47344,0.64097,0,,0.40133,0.33731,13.25656,0.84586,1,0.79337,0.38043,14.27548,0.84586,1,0,0.00000,13,4.00945,1,4.29403,1,0.00000,0,0.00000,0,0.00000,0,2147483647,2147483647,0,0.00000,0,Ranking,398.64468,2.60245,
0,NewMedia0,2898,47.62651,3379360292,0.80559,0.57923,47.28118,0.34533,81,1,0.68810,0.58899,1,0.47344,0.64097,0,,0.39030,0.33628,13.97996,0.82428,1,0.78445,0.37911,13.65070,0.82428,1,0,0.00000,12,3.95675,1,3.88558,1,0.00000,0,0.00000,0,0.00000,0,2147483647,2147483647,0,0.00000,0,Ranking,300.73386,100.20354,
0,NewMedia0,2961,48.66270,3389722211,0.67023,0.59879,47.69283,0.96988,82,1,0.48780,0.55636,1,0.47344,0.64097,0,,0.37419,0.33635,14.16077,0.85060,1,0.76695,0.37728,14.89167,0.84542,1,0,0.00000,12,3.22030,1,3.41180,1,0.00000,0,0.00000,0,0.00000,0,2147483647,2147483647,0,0.00000,0,Ranking,347.66446,184.64696,
0,NewMedia0,2986,49.07265,3393821714,0.44255,0.58387,48.72802,0.34464,83,1,0.25921,0.55470,1,0.39609,0.54861,0,,0.35671,0.33712,13.94330,0.82547,1,0.74913,0.37895,15.11726,0.82547,1,0,0.00000,12,3.77218,1,4.28286,1,0.00000,0,0.00000,0,0.00000,0,2147483647,2147483647,0,0.00000,0,,583.25659,177.88899,
0,NewMedia0,3003,49.35126,3396607815,0.26542,0.46138,49.13978,0.21148,84,1,0.26583,0.27748,1,0.23672,0.50764,0,,0.35577,0.32855,13.57231,0.82547,1,0.74657,0.37033,15.37364,0.82547,1,0,0.00000,12,4.37140,1,4.57724,1,0.00000,0,0.00000,0,0.00000,0,2147483647,2147483647,0,0.00000,0,Map1,486.55042,158.74480,
0,NewMedia0,3039,49.94279,3402523046,0.24273,0.15686,49.41699,0.52579,85,1,0.23223,0.17038,1,0.26523,0.16667,0,,0.35950,0.31919,13.00676,0.82428,1,0.75163,0.36442,14.79881,0.82428,1,0,0.00000,11,3.16960,1,3.50248,1,0.00000,0,0.00000,0,0.00000,0,2147483647,2147483647,0,0.00000,0,Map1,442.33926,97.54567,
0,NewMedia0,3055,50.20730,3405168190,0.19043,0.16153,49.95958,0.24772,86,1,0.09825,0.14443,1,0.25469,0.19028,0,,0.34534,0.31711,12.71821,0.76127,1,0.73695,0.36126,14.16483,0.75227,1,0,0.00000,11,3.20557,1,3.50081,1,0.00000,0,0.00000,0,0.00000,0,2147483647,2147483647,0,0.00000,0,,134.05678,182.87540,
0,NewMedia0,3059,50.27157,3405810898,0.12062,0.14739,50.22353,0.04804,87,1,0.10830,0.12711,1,0.24922,0.19722,0,,0.34437,0.31650,12.56956,0.76831,1,0.73613,0.36032,14.04149,0.77732,1,0,0.00000,11,3.27323,1,3.55247,1,0.00000,0,0.00000,0,0.00000,0,2147483647,2147483647,0,0.00000,0,Task,179.86980,173.50006,
0,NewMedia0,3075,50.53497,3408444943,0.03483,-0.08103,50.33759,0.19739,88,1,0.08901,0.08869,1,0.24883,0.20069,0,,0.34641,0.31667,13.19134,0.77877,1,0.73841,0.36042,14.34980,0.76976,1,0,0.00000,11,3.35201,1,3.54657,1,0.00000,0,0.00000,0,0.00000,0,2147483647,2147483647,0,0.00000,0,,395.50668,123.73095,
0,NewMedia0,3144,51.66817,3419776937,0.25483,0.20939,50.60108,1.06709,89,1,0.34590,0.15517,0,0.25430,0.19514,0,,0.36717,0.30870,9.22872,0.82428,0,0.76100,0.35260,11.73275,0.82428,0,16,0.00000,10,3.91455,0,4.26721,0,0.00000,0,0.00000,0,0.00000,0,2147483647,2147483647,0,0.00000,0,Map1,701.49091,323.40424,
0,NewMedia0,3246,53.34464,3436541446,0.67662,0.59055,51.93031,1.41433,90,1,0.71262,0.08641,0,0.25430,0.19514,0,,0.35049,0.33325,14.98977,0.76817,0,0.76539,0.35875,20.11845,0.76817,0,17,0.00000,10,4.31847,0,6.80797,0,0.00000,0,0.00000,0,0.00000,0,2147483647,2147483647,0,0.00000,0,Ranking,1211.27576,333.05505,
0,NewMedia0,3412,56.07047,3463799913,0.66020,0.65932,55.67818,0.39229,91,1,0.66233,0.62710,1,0.25430,0.19514,0,,0.44848,0.29025,15.46231,0.73094,1,0.85448,0.35340,15.69843,0.73488,1,0,0.00000,11,3.94361,1,4.44273,1,0.00000,0,0.00000,0,0.00000,0,2147483647,2147483647,0,0.00000,0,Ranking,107.58089,247.00003,
0,NewMedia0,3471,57.04067,3473501927,0.65890,0.61469,56.08751,0.95316,92,1,0.76935,0.27471,0,0.25430,0.19514,0,,0.44077,0.29270,12.00544,0.70416,0,0.85527,0.35787,16.05287,0.70416,0,19,0.00000,11,3.56168,0,4.13777,0,0.00000,0,0.00000,0,0.00000,0,2147483647,2147483647,0,0.00000,0,Ranking,64.35326,92.96435,
0,NewMedia0,3567,58.61703,3489265456,0.26536,0.24944,58.18979,0.42724,93,1,0.27311,0.26461,1,0.25430,0.19514,0,,0.20019,0.27159,15.08027,0.71992,1,0.60177,0.25583,16.22928,0.71992,1,0,0.00000,12,4.91455,1,4.69158,1,0.00000,0,0.00000,0,0.00000,0,2147483647,2147483647,0,0.00000,0,Map1,1136.49219,152.43256,
0,NewMedia0,3611,59.34053,3496500515,0.25891,0.25802,58.63336,0.70717,94,1,0.24707,0.18969,1,0.25508,0.19722,0,,0.24095,0.23958,15.71233,0.79080,1,0.64111,0.21841,16.94344,0.78651,1,0,0.00000,12,4.80436,1,4.84915,1,0.00000,0,0.00000,0,0.00000,0,2147483647,2147483647,0,0.00000,0,Map1,20.62277,216.80591,
0,NewMedia0,3629,59.63554,3499450609,0.23102,0.16609,59.35985,0.27569,95,1,0.21632,0.00190,1,0.25547,0.21042,0,,0.23654,0.24762,15.53237,0.81618,1,0.63481,0.22625,16.22657,1.13670,1,0,0.00000,12,4.65999,1,4.87394,1,0.00000,0,0.00000,0,0.00000,0,2147483647,2147483647,0,0.00000,0,,150.40608,118.34010,
0,NewMedia0,3660,60.14478,3504542978,0.26483,0.20563,59.79985,0.34493,96,1,0.34647,0.39679,1,0.25547,0.21042,0,,0.25190,0.25296,16.10988,0.76817,1,0.65044,0.23485,17.71946,0.76817,1,0,0.00000,11,4.47634,1,4.47862,1,0.00000,0,0.00000,0,0.00000,0,2147483647,2147483647,0,0.00000,0,Map1,103.60220,326.66187,
0,NewMedia0,3675,60.39281,3507023286,0.34014,0.24925,60.21240,0.18041,97,1,0.34661,-0.75425,0,0.25547,0.21042,0,,0.25737,0.24358,14.48603,2.58499,0,0.65920,0.23149,17.04592,2.58499,0,21,0.00000,11,4.75907,0,4.28063,0,0.00000,0,0.00000,0,0.00000,0,2147483647,2147483647,0,0.00000,0,Map1,202.76793,341.95422,
0,NewMedia0,3716,61.06478,3513742980,0.33404,0.34307,60.65440,0.41038,98,1,0.30399,0.06484,1,0.34805,0.32917,0,,0.25900,0.25560,15.49117,0.76388,1,0.65943,0.23869,16.87181,1.39431,1,0,0.00000,12,4.26502,1,4.55312,1,0.00000,0,0.00000,0,0.00000,0,2147483647,2147483647,0,0.00000,0,Map1,136.00035,263.40656,
0,NewMedia0,3738,61.42756,3517370762,0.37625,0.51880,61.22914,0.19842,99,1,0.37717,0.58181,1,0.35117,0.33056,0,,0.27163,0.26427,14.26232,0.78230,1,0.67250,0.25015,15.12620,0.77759,1,0,0.00000,12,3.65087,1,3.75943,1,0.00000,0,0.00000,0,0.00000,0,2147483647,2147483647,0,0.00000,0,Map3,275.15701,293.12341,
0,NewMedia0,3763,61.83734,3521468565,0.38636,0.72328,61.49193,0.34541,100,1,0.52773,0.46290,1,0.35117,0.32500,0,,0.28332,0.25651,14.77799,0.74742,1,0.68541,0.24500,15.99568,0.74312,1,0,0.00000,12,3.64917,1,3.89179,1,0.00000,0,0.00000,0,0.00000,0,2147483647,2147483647,0,0.00000,0,Map3,295.58643,275.02325,
0,NewMedia0,3780,62.11608,3524255995,0.79155,0.24857,61.90262,0.21346,101,1,0.94393,-0.30804,1,0.35117,0.32500,0,,0.30302,0.25389,15.08484,1.26047,1,0.70542,0.24297,14.81386,1.69547,1,0,0.00000,12,4.59571,1,4.60364,1,0.00000,0,0.00000,0,0.00000,0,2147483647,2147483647,0,0.00000,0,Histogram,1242.27527,33.38529,
0,NewMedia0,3809,62.59379,3529033020,0.77766,0.54071,62.28069,0.31310,102,1,0.81341,0.32536,1,0.35117,0.32500,0,,0.32377,0.24853,14.97259,0.80115,1,0.72517,0.24277,14.83373,0.80115,1,0,0.00000,12,4.42705,1,4.84579,1,0.00000,0,0.00000,0,0.00000,0,2147483647,2147483647,0,0.00000,0,Ranking,422.18167,265.16852,
0,NewMedia0,3845,63.18439,3534939160,0.84385,0.35279,62.85561,0.32878,103,1,0.84450,0.40129,0,0.35117,0.32500,0,,0.33758,0.24334,9.08604,0.72434,0,0.74127,0.24120,7.40432,0.72072,0,22,0.00000,11,3.04872,0,2.74153,0,0.00000,0,0.00000,0,0.00000,0,2147483647,2147483647,0,0.00000,0,Histogram,319.27896,57.94614,
0,NewMedia0,3881,63.77598,3540855049,0.86485,0.34384,63.34948,0.42651,104,1,0.85507,0.17354,1,0.35117,0.32500,0,,0.33603,0.24080,13.95761,0.83575,1,0.73920,0.23745,15.10556,0.82389,1,0,0.00000,12,3.37204,1,3.52287,1,0.00000,0,0.00000,0,0.00000,0,2147483647,2147483647,0,0.00000,0,Histogram,55.28302,13.48128,
0,NewMedia0,3898,64.05504,3543645675,0.78552,0.28123,63.79227,0.26277,105,1,0.73993,0.31533,1,0.35117,0.32500,0,,0.32555,0.24872,15.20920,0.78149,1,0.72944,0.24577,16.11076,0.78149,1,0,0.00000,12,4.64691,1,4.93576,1,0.00000,0,0.00000,0,0.00000,0,2147483647,2147483647,0,0.00000,0,Histogram,222.19786,156.06140,
0,NewMedia0,3913,64.30120,3546107182,0.76914,0.36861,64.07208,0.22912,106,1,0.79471,0.41086,1,0.35117,0.32500,0,,0.32632,0.25312,15.16482,0.80545,1,0.73103,0.25064,14.81656,0.80545,1,0,0.00000,12,4.16770,1,4.67245,1,0.00000,0,0.00000,0,0.00000,0,2147483647,2147483647,0,0.00000,0,Histogram,132.63051,251.56897,
0,NewMedia0,3961,65.08981,3553993337,0.80534,0.44702,64.31770,0.77211,107,1,0.84513,0.46175,1,0.35117,0.32500,0,,0.32358,0.25751,13.83430,0.77289,1,0.72784,0.25371,15.37395,0.76859,1,0,0.00000,12,4.34723,1,4.85363,1,0.00000,0,0.00000,0,0.00000,0,2147483647,2147483647,0,0.00000,0,Histogram,146.07141,309.37769,
0,NewMedia0,3979,65.38656,3556960744,0.82125,0.42345,65.10611,0.28045,108,1,0.78210,0.36487,1,0.35117,0.32500,0,,0.31414,0.25628,14.36766,0.79080,1,0.71948,0.25003,15.20829,0.79080,1,0,0.00000,12,4.24833,1,4.61756,1,0.00000,0,0.00000,0,0.00000,0,2147483647,2147483647,0,0.00000,0,Histogram,53.01782,39.80503,
0,NewMedia0,3985,65.48689,3557964130,0.78306,0.37431,65.40197,0.08492,109,1,0.75161,0.33895,0,0.35117,0.32500,0,,0.31339,0.25416,14.68580,0.78592,0,0.71789,0.24978,14.86467,0.78592,0,23,0.00000,11,4.47832,0,4.42541,0,0.00000,0,0.00000,0,0.00000,0,2147483647,2147483647,0,0.00000,0,Histogram,120.68756,144.10365,
0,NewMedia0,4015,65.97746,3562869824,0.84742,0.45350,65.69864,0.27882,110,1,0.80818,0.41445,0,0.35117,0.32500,0,,0.35442,0.21185,15.55515,0.78701,0,0.76331,0.21772,14.31538,0.78701,0,0,0.00000,12,4.24589,0,4.38785,0,0.00000,0,0.00000,0,0.00000,0,2147483647,2147483647,0,0.00000,0,Histogram,200.37454,325.31238,
0,NewMedia0,4077,66.99604,3573055612,0.74816,0.46182,66.19103,0.80501,111,1,0.71454,0.45563,1,0.35117,0.32500,0,,0.22387,0.23560,16.02615,0.74704,1,0.64435,0.21977,15.18743,0.74310,1,0,0.00000,11,4.09601,1,4.29845,1,0.00000,0,0.00000,0,0.00000,0,2147483647,2147483647,0,0.00000,0,,254.38776,182.69945,
0,NewMedia0,4116,67.63651,3579460134,0.72312,0.44223,67.01243,0.62406,112,1,0.84912,0.45768,1,0.35117,0.32500,0,,0.24554,0.24250,16.48247,0.73894,1,0.66834,0.22980,15.51387,0.73500,1,0,0.00000,11,4.24003,1,4.86207,1,0.00000,0,0.00000,0,0.00000,0,2147483647,2147483647,0,0.00000,0,Histogram,70.03502,156.24706,
0,NewMedia0,4144,68.09765,3584071773,0.85187,0.49481,67.65314,0.44451,113,1,0.59180,0.53994,1,0.35117,0.32500,0,,0.24788,0.24381,16.58241,0.71176,1,0.65891,0.24479,6.69075,0.71539,1,0,0.00000,10,4.84960,1,1.71979,1,0.00000,0,0.00000,0,0.00000,0,2147483647,2147483647,0,0.00000,0,Ranking,338.18475,347.06256,
0,NewMedia0,4164,68.42509,3587346014,0.81450,0.61115,68.21294,0.21214,114,1,0.86421,0.47342,1,0.35117,0.32500,0,,0.24581,0.24563,16.23235,0.71272,1,0.67242,0.22650,14.46413,0.70575,1,0,0.00000,10,4.64861,1,3.23803,1,0.00000,0,0.00000,0,0.00000,0,2147483647,2147483647,0,0.00000,0,Ranking,192.92073,240.27162,
0,NewMedia0,4180,68.69330,3590028163,0.70383,0.40692,68.49111,0.20219,115,1,0.45764,0.24737,1,0.35117,0.32500,0,,0.21557,0.23381,15.23210,0.72307,1,0.63712,0.22022,16.70854,0.72307,1,0,0.00000,10,4.72673,1,4.81329,1,0.00000,0,0.00000,0,0.00000,0,2147483647,2147483647,0,0.00000,0,Histogram,408.35904,133.93080,
0,NewMedia0,4201,69.03349,3593430089,0.36867,0.20970,68.75542,0.27808,116,1,0.46839,0.53723,1,0.35117,0.32500,0,,0.20536,0.25517,6.50752,0.67051,1,0.61912,0.22100,16.47690,0.66353,1,0,0.00000,10,1.76075,1,5.25545,1,0.00000,0,0.00000,0,0.00000,0,2147483647,2147483647,0,0.00000,0,Map1,903.78912,161.68573,
0,NewMedia0,4217,69.29604,3596055624,0.21832,0.03329,69.09988,0.19616,117,1,0.06823,-0.61659,1,0.35117,0.32500,0,,0.19239,0.22985,15.32886,1.33767,1,0.61533,0.21621,15.94046,1.33767,1,0,0.00000,10,3.38181,1,3.47221,1,0.00000,0,0.00000,0,0.00000,0,2147483647,2147483647,0,0.00000,0,,461.16849,146.57529,
0,NewMedia0,4236,69.60773,3599172412,0.02003,-1.15093,69.50916,0.09856,118,1,0.11492,-0.72690,1,0.35117,0.32500,0,,0.19398,0.22974,15.55887,1.51217,1,0.61729,0.21497,15.50118,1.24424,1,0,0.00000,10,3.27827,1,3.53342,1,0.00000,0,0.00000,0,0.00000,0,2147483647,2147483647,0,0.00000,0,,1779.22729,106.57707,
0,NewMedia0,4252,69.87267,3601821801,0.29944,0.07566,69.67456,0.19810,119,1,-0.04493,-1.41737,1,0.28438,0.22222,0,,0.19400,0.22957,15.26883,1.77825,1,0.61708,0.21672,16.13283,1.99440,1,0,0.00000,10,3.40823,1,3.52547,1,0.00000,0,0.00000,0,0.00000,0,2147483647,2147483647,0,0.00000,0,,1905.62805,292.04633,
0,NewMedia0,4305,70.74127,3610507930,0.42391,-0.05368,70.52773,0.21355,120,1,0.34926,-0.76458,1,0.27461,0.19306,0,,0.20344,0.22179,15.79002,1.22409,1,0.62569,0.20845,16.53085,1.22409,1,0,0.00000,10,3.57127,1,3.70361,1,0.00000,0,0.00000,0,0.00000,0,2147483647,2147483647,0,0.00000,0,,369.08319,30.30664,
0,NewMedia0,4318,70.95987,3612693854,0.36820,-0.51809,70.80708,0.15279,121,1,0.38815,-0.04552,1,0.29922,0.16736,0,,0.20227,0.22172,15.80596,0.73736,1,0.62474,0.20842,16.81800,0.74560,1,0,0.00000,10,3.56811,1,3.66817,1,0.00000,0,0.00000,0,0.00000,0,2147483647,2147483647,0,0.00000,0,,683.78864,102.03854,
0,NewMedia0,4339,71.30091,3616104305,0.36784,0.06474,71.02077,0.28014,122,1,0.26346,0.22744,1,0.31602,0.18333,0,,0.19055,0.23534,16.92158,0.68091,1,0.61286,0.22068,17.33780,0.67729,1,0,0.00000,10,5.48119,1,4.99780,1,0.00000,0,0.00000,0,0.00000,0,2147483647,2147483647,0,0.00000,0,,839.27576,269.93707,
0,NewMedia0,4361,71.66127,3619707853,0.26484,0.14005,71.61251,0.04876,123,1,0.24074,0.03730,1,0.28242,0.19931,0,,0.18619,0.23387,17.07067,0.72933,1,0.60989,0.21887,16.23579,0.91058,1,0,0.00000,10,5.16063,1,4.84860,1,0.00000,0,0.00000,0,0.00000,0,2147483647,2147483647,0,0.00000,0,Map1,285.11011,202.35641,
0,NewMedia0,4396,72.23730,3625468210,0.49754,0.39419,71.97523,0.26208,124,1,0.47823,-0.18649,1,0.32852,0.27917,0,,0.20482,0.23954,14.93089,1.41565,1,0.62854,0.22474,16.23619,1.75608,1,0,0.00000,11,4.12066,1,4.18014,1,0.00000,0,0.00000,0,0.00000,0,2147483647,2147483647,0,0.00000,0,Map2,699.14282,328.43649,
0,NewMedia0,4435,72.87684,3631863667,0.53447,0.38724,72.64693,0.22992,125,1,0.54344,0.73438,1,0.34805,0.29167,0,,0.20582,0.25675,13.39945,0.74742,1,0.62744,0.23980,14.07101,0.74313,1,0,0.00000,11,3.59885,1,3.65955,1,0.00000,0,0.00000,0,0.00000,0,2147483647,2147483647,0,0.00000,0,Map2,95.06914,6.04276,
0,NewMedia0,4468,73.41927,3637287927,0.53929,0.68488,72.94534,0.47394,126,1,0.42036,0.41940,1,0.34805,0.29167,0,,0.19556,0.25011,13.74696,0.71576,1,0.61650,0.23130,15.97083,0.71181,1,0,0.00000,11,3.91188,1,3.92375,1,0.00000,0,0.00000,0,0.00000,0,2147483647,2147483647,0,0.00000,0,Map4,428.77921,271.64905,
0,NewMedia0,4489,73.76444,3640739617,0.39927,0.36921,73.48537,0.27907,127,1,0.40744,0.14932,1,0.34805,0.29167,0,,0.19360,0.23803,15.07900,0.77427,1,0.61582,0.22059,15.90780,0.82656,1,0,0.00000,11,4.61739,1,4.88192,1,0.00000,0,0.00000,0,0.00000,0,2147483647,2147483647,0,0.00000,0,Map1,578.89240,128.25786,
0,NewMedia0,4522,74.30677,3646162899,0.36431,0.30323,74.02757,0.27921,128,1,0.43190,0.18500,0,0.34805,0.29167,0,,0.18724,0.24039,12.90605,0.73478,0,0.61133,0.22251,13.07016,0.73478,0,25,0.00000,11,4.21225,0,4.60379,0,0.00000,0,0.00000,0,0.00000,0,2147483647,2147483647,0,0.00000,0,Map1,130.52570,133.28836,
0,NewMedia0,4546,74.70147,3650109871,0.36792,0.22196,74.47162,0.22984,129,1,0.32210,0.24155,1,0.32734,0.24444,1,,0.18715,0.24479,15.69280,0.76413,1,0.60974,0.22561,16.70051,0.76413,1,0,0.00000,12,4.75530,1,4.74829,1,0.00000,0,0.00000,0,0.00000,0,2147483647,2147483647,0,0.00000,0,Map1,117.39314,85.48479,
0,NewMedia0,4554,74.83253,3651420500,0.34719,0.20644,74.71755,0.11498,130,1,0.38111,0.09230,0,0.33125,0.24931,0,,0.18734,0.23373,11.69311,0.73712,0,0.61068,0.22558,16.66398,0.73712,0,26,0.00000,12,2.45142,0,4.51907,0,0.00000,0,0.00000,0,0.00000,0,2147483647,2147483647,0,0.00000,0,Map1,57.58273,157.16267,
0,NewMedia0,4578,75.22655,3655360669,0.32879,0.37691,74.99677,0.22979,131,1,0.33574,0.42418,1,0.36445,0.32292,0,,0.18697,0.24358,16.76686,0.67600,1,0.60990,0.22542,17.57326,0.67600,1,0,0.00000,13,4.42808,1,4.80790,1,0.00000,0,0.00000,0,0.00000,0,2147483647,2147483647,0,0.00000,0,Map1,249.95532,259.13766,
0,NewMedia0,4597,75.53881,3658483272,0.35840,0.41702,75.24285,0.29596,132,1,0.27473,0.10117,1,0.36484,0.33056,0,,0.19690,0.25501,14.70916,1.60104,1,0.61823,0.23700,15.40921,2.06114,1,0,0.00000,13,4.03322,1,4.33855,1,0.00000,0,0.00000,0,0.00000,0,2147483647,2147483647,0,0.00000,0,Map1,95.29904,322.69376,
0,NewMedia0,4610,75.75259,3660621114,0.45853,0.60152,75.55918,0.19341,133,1,0.56673,0.72821,1,0.36445,0.33125,0,,0.20745,0.26125,14.37227,0.73478,1,0.63024,0.24350,14.94637,0.73478,1,0,0.00000,13,3.58488,1,3.45216,1,0.00000,0,0.00000,0,0.00000,0,2147483647,2147483647,0,0.00000,0,Map4,369.17798,313.97418,
0,NewMedia0,4623,75.96579,3662753079,0.57366,0.41816,75.77679,0.18900,134,1,0.63202,-0.24630,1,0.36445,0.33125,0,,0.20661,0.24590,15.88420,1.57951,1,0.62824,0.22691,16.41194,1.32576,1,0,0.00000,13,4.20619,1,4.44940,1,0.00000,0,0.00000,0,0.00000,0,2147483647,2147483647,0,0.00000,0,Map2,395.70657,41.85579,
0,NewMedia0,4628,76.04845,3663579708,0.58151,0.24739,75.98266,0.06580,135,1,0.57044,0.13768,1,0.36445,0.33056,0,,0.20505,0.24461,16.04547,0.75301,1,0.62774,0.22738,16.08329,1.18801,1,0,0.00000,13,4.26919,1,4.60254,1,0.00000,0,0.00000,0,0.00000,0,2147483647,2147483647,0,0.00000,0,Map2,246.72856,85.32808,
0,NewMedia0,4650,76.41100,3667205119,0.38468,0.17038,76.21366,0.19733,136,1,-0.05797,-0.23366,1,0.36289,0.33611,0,,0.16667,0.23775,14.21307,0.70416,1,0.58858,0.22152,14.37555,0.70416,1,0,0.00000,13,3.34364,1,3.39823,1,0.00000,0,0.00000,0,0.00000,0,2147483647,2147483647,0,0.00000,0,Map1,515.94330,167.58827,
0,NewMedia0,4657,76.52457,3668340882,9.86050,2.08405,76.47673,0.04784,137,1,-0.02116,-0.01158,1,0.36289,0.33611,0,,0.16457,0.23760,14.61450,0.70416,1,0.58692,0.22048,15.02566,0.70416,1,0,0.00000,13,3.32893,1,3.42843,1,0.00000,0,0.00000,0,0.00000,0,2147483647,2147483647,0,0.00000,0,,24414.11914,353.51907,
0,NewMedia0,4682,76.93531,3672448248,0.00954,-0.03272,76.59041,0.34490,138,1,0.09039,0.07829,1,0.36289,0.33611,0,,0.16545,0.23315,15.05307,0.70416,1,0.58799,0.21619,15.52216,0.70416,1,0,0.00000,13,3.49797,1,3.66216,1,0.00000,0,0.00000,0,0.00000,0,2147483647,2147483647,0,0.00000,0,,25402.00586,173.10811,
0,NewMedia0,4704,77.29665,3676061733,0.10357,0.04257,76.95168,0.34497,139,1,0.33482,0.20183,1,0.36133,0.33542,0,,0.18385,0.24320,16.51414,0.72341,1,0.60606,0.22436,18.01401,0.71947,1,0,0.00000,13,5.03271,1,4.66787,1,0.00000,0,0.00000,0,0.00000,0,2147483647,2147483647,0,0.00000,0,Task,264.00558,335.75345,
0,NewMedia0,4729,77.70737,3680168875,0.13769,0.12725,77.51048,0.19689,140,1,-0.00068,0.10006,1,0.21602,0.24167,0,,0.16367,0.23480,14.91034,0.70416,1,0.58567,0.21664,15.39284,0.70416,1,0,0.00000,13,3.48530,1,3.59778,1,0.00000,0,0.00000,0,0.00000,0,2147483647,2147483647,0,0.00000,0,Task,149.99568,305.61469,
0,NewMedia0,4758,78.19452,3685040388,0.01511,0.03341,77.72495,0.46958,141,1,0.05396,0.07512,1,0.06406,0.12361,0,,0.15625,0.20490,15.75490,0.70416,1,0.56237,0.16190,16.82602,0.70416,1,0,0.00000,13,3.71900,1,4.00967,1,0.00000,0,0.00000,0,0.00000,0,2147483647,2147483647,0,0.00000,0,Task,341.66278,156.70248,
0,NewMedia0,4793,78.75890,3690684218,0.07869,0.15999,78.24983,0.50907,142,1,0.06612,0.15495,1,0.06367,0.12361,0,,0.17230,0.21621,15.45035,0.77289,1,0.55687,0.14462,16.26271,0.76818,1,0,0.00000,13,3.84433,1,4.15697,1,0.00000,0,0.00000,0,0.00000,0,2147483647,2147483647,0,0.00000,0,Task,244.36986,311.76364,
0,NewMedia0,4825,79.28505,3695945692,0.04877,0.13209,78.77497,0.51008,143,1,0.00825,0.05612,1,0.07109,0.12986,0,,0.18187,0.20273,15.73487,0.79091,1,0.56302,0.11995,16.40576,0.79561,1,0,0.00000,13,3.96704,1,4.30720,1,0.00000,0,0.00000,0,0.00000,0,2147483647,2147483647,0,0.00000,0,Task,86.49239,152.32193,
0,NewMedia0,4852,79.73102,3700405435,0.05483,0.15601,79.30121,0.42982,144,1,0.06938,0.14573,1,0.09883,0.15556,0,,0.16516,0.19527,15.63214,0.75553,1,0.54939,0.11543,17.19577,0.75983,1,0,0.00000,13,4.02177,1,4.34107,1,0.00000,0,0.00000,0,0.00000,0,2147483647,2147483647,0,0.00000,0,Task,37.77719,294.24634,
0,NewMedia0,4877,80.13938,3704488983,0.12805,0.16541,79.74513,0.39425,145,1,0.18260,0.25519,1,0.09883,0.15556,0,,0.10664,0.19360,15.75845,0.65315,1,0.49686,0.12080,16.68148,0.65650,1,0,0.00000,13,3.86940,1,4.19711,1,0.00000,0,0.00000,0,0.00000,0,2147483647,2147483647,0,0.00000,0,Task,187.93129,355.86963,
0,NewMedia0,4892,80.38680,3706963204,0.07229,0.21699,80.15535,0.23145,146,1,0.01285,0.22183,1,0.09883,0.15556,0,,0.08453,0.20471,15.39332,0.67600,1,0.47473,0.13234,16.28042,0.67600,1,0,0.00000,13,3.82101,1,4.02246,1,0.00000,0,0.00000,0,0.00000,0,2147483647,2147483647,0,0.00000,0,Task,160.91333,207.48943,
0,NewMedia0,4912,80.71420,3710237170,0.04084,0.20275,80.40879,0.30541,147,1,0.06192,0.20077,1,0.09883,0.15556,0,,0.09139,0.19437,15.09261,0.68666,1,0.48344,0.12721,16.20046,0.68304,1,0,0.00000,13,3.75736,1,4.04894,1,0.00000,0,0.00000,0,0.00000,0,2147483647,2147483647,0,0.00000,0,Task,83.08227,165.71115,
0,NewMedia0,4929,80.99558,3713051034,0.05300,0.17619,80.87817,0.11741,148,1,0.06023,0.12475,0,0.09883,0.15556,0,,0.10011,0.19220,13.32612,0.73478,0,0.49515,0.11918,12.17703,0.73478,0,0,0.00000,13,3.13833,0,4.99517,0,0.00000,0,0.00000,0,0.00000,0,2147483647,2147483647,0,0.00000,0,Task,49.31366,50.85708,
0,NewMedia0,4955,81.42048,3717300004,0.06967,0.17096,81.15924,0.26125,149,1,-0.02043,0.00742,1,0.09883,0.15556,0,,0.10072,0.18976,15.43227,0.73478,1,0.49451,0.12774,15.77446,0.73478,1,0,0.00000,14,3.71412,1,3.99492,1,0.00000,0,0.00000,0,0.00000,0,2147483647,2147483647,0,0.00000,0,Task,43.33465,10.00837,
0,NewMedia0,4991,82.01212,3723216414,0.00666,0.09057,81.78192,0.23020,150,1,0.03032,0.14935,1,0.09883,0.15556,0,,0.10444,0.18952,15.42526,0.73478,1,0.49804,0.12921,15.82801,0.73478,1,0,0.00000,15,3.69800,1,3.88808,1,0.00000,0,0.00000,0,0.00000,0,2147483647,2147483647,0,0.00000,0,Task,198.54529,144.33473,
0,NewMedia0,5035,82.73945,3730489726,0.05542,0.10655,82.02765,0.71180,151,1,0.03056,0.04723,1,0.09883,0.15556,0,,0.10760,0.19246,15.13204,0.73478,1,0.50094,0.13273,15.61599,0.73478,1,0,0.00000,15,3.66935,1,3.86920,1,0.00000,0,0.00000,0,0.00000,0,2147483647,2147483647,0,0.00000,0,Task,126.92890,349.55496,
0,NewMedia0,5058,83.11242,3734219449,0.10033,0.09750,82.75141,0.36102,152,1,0.13434,0.16357,1,0.09883,0.15556,0,,0.11050,0.19003,15.14587,0.70416,1,0.50439,0.12933,16.17717,0.70416,1,0,0.00000,15,3.62544,1,3.93029,1,0.00000,0,0.00000,0,0.00000,0,2147483647,2147483647,0,0.00000,0,Task,115.70586,6.46698,
0,NewMedia0,5083,83.52321,3738327265,0.09113,0.10734,83.12906,0.39415,153,1,0.01529,0.19592,1,0.09883,0.15556,0,,0.10808,0.19278,15.00503,0.73478,1,0.50168,0.13352,15.89615,0.73478,1,0,0.00000,15,3.68499,1,3.95277,1,0.00000,0,0.00000,0,0.00000,0,2147483647,2147483647,0,0.00000,0,Task,27.48589,211.03239,
0,NewMedia0,5099,83.78616,3740956789,0.00000,0.11934,83.53996,0.24621,154,1,-0.03320,0.03325,1,0.09883,0.15556,0,,0.10637,0.19278,15.35080,0.73478,1,0.50028,0.13342,16.18151,0.73478,1,0,0.00000,15,3.74299,1,3.94627,1,0.00000,0,0.00000,0,0.00000,0,2147483647,2147483647,0,0.00000,0,Task,233.93190,184.23616,
0,NewMedia0,5125,84.21328,3745227994,0.05486,0.12190,84.00092,0.21236,155,1,0.09391,0.16682,1,0.09883,0.15556,0,,0.10912,0.19233,15.61617,0.70416,1,0.50310,0.13296,16.68950,0.70416,1,0,0.00000,16,3.81316,1,4.04529,1,0.00000,0,0.00000,0,0.00000,0,2147483647,2147483647,0,0.00000,0,Task,140.48997,358.49643,
0,NewMedia0,5142,84.49833,3748078433,0.10540,0.21456,84.22997,0.26836,156,1,0.02686,0.17642,1,0.09883,0.15556,0,,0.10964,0.19312,15.16377,0.69371,1,0.50327,0.13408,15.56738,0.69008,1,0,0.00000,16,3.67285,1,3.89900,1,0.00000,0,0.00000,0,0.00000,0,2147483647,2147483647,0,0.00000,0,Task,185.85875,314.11755,
0,NewMedia0,5159,84.77203,3750815507,0.02779,0.24865,84.55833,0.21370,157,1,0.01530,0.11281,1,0.09883,0.15556,0,,0.10848,0.19298,15.44634,0.67600,1,0.50260,0.13417,16.10659,0.67600,1,0,0.00000,16,3.77920,1,3.96010,1,0.00000,0,0.00000,0,0.00000,0,2147483647,2147483647,0,0.00000,0,Task,204.65623,193.87851,
0,NewMedia0,5185,85.19883,3755083463,0.07140,0.18125,84.98528,0.21355,158,1,0.12111,0.24078,1,0.09883,0.15556,0,,0.11100,0.19183,15.33090,0.67600,1,0.50518,0.13455,15.91228,0.67600,1,0,0.00000,16,3.77049,1,3.90497,1,0.00000,0,0.00000,0,0.00000,0,2147483647,2147483647,0,0.00000,0,Task,147.93144,41.00217,
0,NewMedia0,5200,85.44697,3757564845,0.18268,0.22749,85.21503,0.23193,159,1,0.81631,0.08192,0,0.09883,0.15556,0,,0.14681,0.24464,5.77169,0.70416,0,0.54051,0.19170,5.95931,0.70416,0,30,0.00000,16,1.69967,0,1.81884,0,0.00000,0,0.00000,0,0.00000,0,2147483647,2147483647,0,0.00000,0,,292.55499,346.84418,
0,NewMedia0,5275,86.67756,3769870728,0.11149,0.21448,86.39902,0.27854,160,1,0.12565,0.17348,1,0.20898,0.06528,0,,0.16650,0.16047,15.21216,0.70416,1,0.56627,0.14096,15.86907,0.70416,1,0,0.00000,17,3.68572,1,3.96926,1,0.00000,0,0.00000,0,0.00000,0,2147483647,2147483647,0,0.00000,0,Task,183.20679,174.13078,
0,NewMedia0,5299,87.07197,3773814854,0.09581,0.18483,86.69400,0.37797,161,1,0.06537,0.18323,1,0.36914,0.08542,0,,0.17886,0.15138,14.50663,0.72319,1,0.57919,0.14441,15.28161,0.72713,1,0,0.00000,17,3.53045,1,3.76238,1,0.00000,0,0.00000,0,0.00000,0,2147483647,2147483647,0,0.00000,0,Task,58.60233,133.23320,
0,NewMedia0,5314,87.32073,3776302546,0.00593,0.10895,87.09160,0.22913,162,1,-0.00799,0.08923,1,0.37500,0.08542,0,,0.17264,0.14854,14.92399,0.73478,1,0.57475,0.14244,15.53479,0.73478,1,0,0.00000,17,3.67569,1,3.80919,1,0.00000,0,0.00000,0,0.00000,0,2147483647,2147483647,0,0.00000,0,Task,254.71948,154.59775,
0,NewMedia0,5332,87.61481,3779243325,0.03774,0.08325,87.33585,0.27896,163,1,0.09047,0.08511,1,0.36094,0.10139,0,,0.17149,0.14742,16.09359,0.73478,1,0.57455,0.14044,16.83875,0.73478,1,0,0.00000,17,3.81063,1,4.02625,1,0.00000,0,0.00000,0,0.00000,0,2147483647,2147483647,0,0.00000,0,Task,89.44843,24.43971,
0,NewMedia0,5350,87.91158,3782211041,0.14281,0.15578,87.63085,0.28073,164,1,0.28976,0.23939,1,0.31133,0.12500,0,,0.17579,0.15523,18.16428,0.70416,1,0.57931,0.14394,19.24939,0.70416,1,0,0.00000,17,5.33776,1,5.48159,1,0.00000,0,0.00000,0,0.00000,0,2147483647,2147483647,0,0.00000,0,Task,288.54495,338.77908,
0,NewMedia0,5387,88.51778,3788273007,0.26303,0.14448,87.98405,0.53374,165,1,0.14015,0.17737,1,0.27461,0.11528,0,,0.15566,0.15640,15.03157,0.71925,1,0.55900,0.14385,16.15207,0.71531,1,0,0.00000,17,3.69237,1,4.07833,1,0.00000,0,0.00000,0,0.00000,0,2147483647,2147483647,0,0.00000,0,Map1,308.19308,3.02651,
0,NewMedia0,5406,88.82973,3791392478,0.07082,0.14689,88.58312,0.24661,166,1,0.06993,0.04603,1,0.27461,0.11528,0,,0.15423,0.15787,15.28264,0.70416,1,0.55750,0.14630,16.04300,0.70416,1,0,0.00000,17,3.67847,1,3.83630,1,0.00000,0,0.00000,0,0.00000,0,2147483647,2147483647,0,0.00000,0,Task,492.06985,180.40410,
0,NewMedia0,5429,89.20953,3795190471,0.18095,0.02640,89.04324,0.16629,167,1,-0.02797,-0.99643,1,0.26641,0.12014,0,,0.16081,0.15826,16.40586,1.48654,1,0.56447,0.14594,17.21660,1.83788,1,0,0.00000,17,3.83785,1,4.13432,1,0.00000,0,0.00000,0,0.00000,0,2147483647,2147483647,0,0.00000,0,,331.04425,31.60876,
0,NewMedia0,5462,89.75121,3800607370,0.26040,0.22444,89.47097,0.28024,168,1,0.19482,0.02206,1,0.24336,0.17778,0,,0.16046,0.16467,16.27071,0.75099,1,0.56344,0.15047,17.37213,1.09142,1,0,0.00000,17,5.30969,1,5.17890,1,0.00000,0,0.00000,0,0.00000,0,2147483647,2147483647,0,0.00000,0,Map1,350.27789,305.49692,
0,NewMedia0,5469,89.86451,3801740221,-0.00303,-1.09724,89.81554,0.04897,169,1,0.06799,-0.75378,1,0.24336,0.18403,0,,0.15959,0.16505,16.32235,1.76025,1,0.56362,0.15166,17.53475,1.41587,1,0,0.00000,17,5.04759,1,5.12720,1,0.00000,0,0.00000,0,0.00000,0,2147483647,2147483647,0,0.00000,0,,2019.16626,109.51112,
0,NewMedia0,5492,90.24236,3805518823,0.06694,0.06795,89.97988,0.26248,170,1,-0.04966,-0.38718,1,0.24648,0.19514,0,,0.14723,0.16098,14.66337,0.96865,1,0.55048,0.14709,15.87175,1.23229,1,0,0.00000,17,3.60030,1,3.83200,1,0.00000,0,0.00000,0,0.00000,0,2147483647,2147483647,0,0.00000,0,Task,1687.40771,276.09360,
0,NewMedia0,5526,90.80065,3811101680,0.22700,0.06632,90.75228,0.04837,171,1,0.15449,-0.19387,1,0.26953,0.21597,0,,0.15464,0.16658,16.37601,1.00339,1,0.55172,0.13605,16.41689,1.27132,1,0,0.00000,17,5.19011,1,5.60348,1,0.00000,0,0.00000,0,0.00000,0,2147483647,2147483647,0,0.00000,0,,409.76035,0.32821,
0,NewMedia0,5548,91.16547,3814749991,0.26617,0.23663,90.91569,0.24979,172,1,0.26108,0.21666,0,0.26797,0.19514,0,,0.14338,0.19492,14.63390,0.75099,0,0.53888,0.15800,15.89779,0.75099,0,31,0.00000,17,3.40015,0,3.71124,0,0.00000,0,0.00000,0,0.00000,0,2147483647,2147483647,0,0.00000,0,Map1,264.95456,292.23843,
0,NewMedia0,5682,93.36529,3836747986,0.10288,0.08049,93.10242,0.26286,173,1,0.09519,0.06044,1,0.26797,0.19028,0,,0.06906,0.14882,16.55315,0.76818,1,0.47515,0.10866,17.10718,0.76818,1,0,0.00000,19,3.93644,1,4.14845,1,0.00000,0,0.00000,0,0.00000,0,2147483647,2147483647,0,0.00000,0,Task,474.65405,151.72554,
0,NewMedia0,5701,93.67684,3839863571,0.09517,0.08862,93.38067,0.29617,174,1,0.19770,0.17593,1,0.26797,0.19028,0,,0.10401,0.11900,15.93132,0.76818,1,0.51120,0.09354,16.44926,0.76818,1,0,0.00000,19,4.01424,1,4.24706,1,0.00000,0,0.00000,0,0.00000,0,2147483647,2147483647,0,0.00000,0,Task,22.94846,210.67395,
0,NewMedia0,5723,94.03930,3843488155,0.28485,0.28896,93.74203,0.29727,175,1,0.21668,0.14663,1,0.26797,0.19028,0,,0.10770,0.12921,17.14892,0.68313,1,0.51558,0.10533,17.37113,1.03113,1,0,0.00000,19,5.30891,1,5.35400,1,0.00000,0,0.00000,0,0.00000,0,2147483647,2147483647,0,0.00000,0,Map1,564.81415,329.28491,
0,NewMedia0,5768,94.77680,3850863155,0.27305,0.31152,94.39904,0.37776,176,1,0.18103,0.05444,1,0.26719,0.20069,0,,0.13873,0.11500,16.34161,0.69719,1,0.54197,0.05315,17.27675,1.15729,1,0,0.00000,18,4.76354,1,5.58023,1,0.00000,0,0.00000,0,0.00000,0,2147483647,2147483647,0,0.00000,0,Map1,44.36086,227.08134,
0,NewMedia0,5800,95.30280,3856123147,0.22364,0.25683,95.04020,0.26260,177,1,0.10904,0.18065,1,0.26172,0.20556,0,,0.08133,0.10051,16.41937,0.66261,1,0.48793,0.03940,16.33801,0.66261,1,0,0.00000,18,3.79330,1,3.85931,1,0.00000,0,0.00000,0,0.00000,0,2147483647,2147483647,0,0.00000,0,,149.00258,148.09323,
0,NewMedia0,5819,95.61494,3859244527,0.10802,0.17989,95.36872,0.24622,178,1,0.06517,0.08681,1,0.25820,0.20903,0,,0.07150,0.09979,16.09543,0.66261,1,0.49569,0.06668,7.20906,0.66261,1,0,0.00000,18,3.70012,1,1.73937,1,0.00000,0,0.00000,0,0.00000,0,2147483647,2147483647,0,0.00000,0,Task,316.04373,159.47816,
0,NewMedia0,5844,96.02526,3863347723,0.07390,0.09807,95.73069,0.29457,179,1,0.10134,0.15136,1,0.25781,0.20903,0,,0.09473,0.07717,16.65117,0.66261,1,0.50496,0.02229,17.44518,0.66261,1,0,0.00000,18,3.89937,1,4.13959,1,0.00000,0,0.00000,0,0.00000,0,2147483647,2147483647,0,0.00000,0,Task,146.66721,126.55163,
0,NewMedia0,5862,96.32104,3866305597,0.26812,0.41871,96.09095,0.23009,180,1,0.24743,0.15967,1,0.25781,0.20069,0,,0.09636,0.08027,17.48326,0.67600,1,0.50773,0.02440,18.26625,0.67600,1,0,0.00000,18,3.95986,1,4.28895,1,0.00000,0,0.00000,0,0.00000,0,2147483647,2147483647,0,0.00000,0,Map1,678.52618,317.11908,
0,NewMedia0,5884,96.68247,3869919954,0.26131,0.19016,96.38676,0.29572,181,1,0.26060,0.21111,1,0.25781,0.19792,0,,0.09842,0.08804,17.05893,0.65326,1,0.51010,0.03214,17.09561,0.65016,1,0,0.00000,18,3.79346,1,4.01611,1,0.00000,0,0.00000,0,0.00000,0,2147483647,2147483647,0,0.00000,0,Map1,329.57339,93.03221,
0,NewMedia0,5899,96.92866,3872381812,0.27047,0.29261,96.69888,0.22978,182,1,0.27766,0.46035,1,0.25781,0.19792,0,,0.10829,0.10426,16.24120,0.70583,1,0.51892,0.05141,18.54890,0.71674,1,0,0.00000,18,4.49580,1,4.82287,1,0.00000,0,0.00000,0,0.00000,0,2147483647,2147483647,0,0.00000,0,Map1,149.38002,279.03162,
0,NewMedia0,5923,97.32349,3876330146,0.27746,0.42304,96.94518,0.37831,183,1,0.29019,0.20109,1,0.33203,0.18958,0,,0.11510,0.09235,16.94182,0.70416,1,0.52825,0.04150,17.94207,0.70416,1,0,0.00000,18,5.42208,1,5.14489,1,0.00000,0,0.00000,0,0.00000,0,2147483647,2147483647,0,0.00000,0,Map1,188.66974,275.44241,
0,NewMedia0,5940,97.60239,3879119120,0.37502,0.20501,97.38898,0.21341,184,1,0.40845,0.15772,1,0.38984,0.16944,0,,0.12529,0.08841,15.77102,0.73478,1,0.53913,0.04033,16.56303,0.73478,1,0,0.00000,18,5.12884,1,5.37688,1,0.00000,0,0.00000,0,0.00000,0,2147483647,2147483647,0,0.00000,0,Map1,401.18546,51.49822,
0,NewMedia0,5954,97.83428,3881437965,0.36512,0.28459,97.61878,0.21550,185,1,0.25434,0.48501,1,0.40469,0.16736,0,,0.11624,0.10082,16.42920,0.74876,1,0.52979,0.05421,18.49500,0.74513,1,0,0.00000,18,4.54433,1,4.70968,1,0.00000,0,0.00000,0,0.00000,0,2147483647,2147483647,0,0.00000,0,Map1,117.36433,257.52911,
0,NewMedia0,5980,98.25957,3885690876,0.27220,0.47646,97.89845,0.36113,186,1,0.26813,0.45087,1,0.31445,0.21944,0,,0.11104,0.09780,15.82760,0.71576,1,0.52582,0.05159,18.13301,0.71182,1,0,0.00000,18,4.47381,1,4.92328,1,0.00000,0,0.00000,0,0.00000,0,2147483647,2147483647,0,0.00000,0,Map1,364.58511,229.27309,
0,NewMedia0,5993,98.47321,3887827267,0.24617,0.18129,98.27583,0.19739,187,1,0.08227,-0.83605,1,0.30586,0.20208,0,,0.11033,0.09217,16.29526,1.75214,1,0.52402,0.04301,17.69868,1.73920,1,0,0.00000,18,4.81503,1,5.09824,1,0.00000,0,0.00000,0,0.00000,0,2147483647,2147483647,0,0.00000,0,Map1,430.23663,98.91007,
0,NewMedia0,6006,98.68674,3889962581,0.28457,0.23084,98.48968,0.19707,188,1,0.26303,0.29568,1,0.30781,0.20556,0,,0.10163,0.09383,17.20447,0.67290,1,0.51508,0.04280,18.01688,0.65477,1,0,0.00000,18,5.46401,1,5.43083,1,0.00000,0,0.00000,0,0.00000,0,2147483647,2147483647,0,0.00000,0,Map1,121.46930,324.02673,
0,NewMedia0,6061,99.59083,3899003414,0.26694,0.28136,98.70307,0.88776,189,1,0.26620,0.21093,1,0.25977,0.19653,0,,0.10790,0.10329,15.88189,0.69799,1,0.52502,0.06037,17.50095,0.70496,1,0,0.00000,18,3.57693,1,3.88565,1,0.00000,0,0.00000,0,0.00000,0,2147483647,2147483647,0,0.00000,0,Map1,85.61166,238.18483,
0,NewMedia0,6082,99.93641,3902459246,0.26650,0.26505,99.60712,0.32928,190,1,0.31063,0.32719,0,0.25977,0.19653,0,,0.12298,0.11558,16.89945,0.60357,0,0.53867,0.07441,17.25502,0.60357,0,33,0.00000,18,5.03750,0,5.14071,0,0.00000,0,0.00000,0,0.00000,0,2147483647,2147483647,0,0.00000,0,Map1,23.51339,92.74580,
0,NewMedia0,6116,100.49873,3908082418,0.72763,1.77780,100.34722,0.15150,191,1,0.76859,1.79150,0,0.25977,0.19653,0,,0.22485,0.22966,17.20150,0.73478,0,0.64858,0.22605,17.87716,0.73478,0,0,0.00000,19,4.59294,0,4.70710,0,0.00000,0,0.00000,0,0.00000,0,2147483647,2147483647,0,0.00000,0,,2477.66333,298.45407,
0,NewMedia0,6157,101.16784,3914773606,0.26207,0.26212,100.70939,0.45845,192,1,0.34360,0.47590,1,0.25977,0.19653,0,,0.09865,0.10509,17.60616,0.66615,1,0.52878,0.06368,6.81223,0.66950,1,0,0.00000,19,5.32762,1,1.88938,1,0.00000,0,0.00000,0,0.00000,0,2147483647,2147483647,0,0.00000,0,Map1,2486.78882,118.63749,
0,NewMedia0,6188,101.67704,3919865577,0.28828,0.28421,101.38276,0.29428,193,1,0.27639,0.23452,1,0.25977,0.19653,0,,0.06155,0.11042,17.56752,0.63522,1,0.48033,0.03622,17.73840,0.63522,1,0,0.00000,18,5.63414,1,3.87481,1,0.00000,0,0.00000,0,0.00000,0,2147483647,2147483647,0,0.00000,0,Map1,74.25594,334.63538,
0,NewMedia0,6203,101.92480,3922343147,0.29448,0.34314,101.69349,0.23131,194,1,0.29353,0.32632,1,0.25977,0.19653,0,,0.04949,0.10830,19.02038,0.65000,1,0.47052,0.03145,19.45095,0.65000,1,0,0.00000,18,5.20906,1,5.47902,1,0.00000,0,0.00000,0,0.00000,0,2147483647,2147483647,0,0.00000,0,Map1,86.33080,280.59412,
0,NewMedia0,6253,102.74487,3930543768,0.29165,0.29059,101.93978,0.80508,195,1,0.31864,0.44241,1,0.26602,0.19306,0,,0.06370,0.10499,18.98063,0.66878,1,0.48684,0.03538,20.08572,0.68173,1,0,0.00000,18,5.17936,1,5.06447,1,0.00000,0,0.00000,0,0.00000,0,2147483647,2147483647,0,0.00000,0,Map1,76.01804,95.46877,
0,NewMedia0,6287,103.30347,3936129859,0.32708,0.46808,102.81130,0.49217,196,1,0.29647,0.34514,1,0.31797,0.25625,0,,0.06486,0.10379,18.99484,0.62592,1,0.49029,0.03593,19.14567,0.90787,1,0,0.00000,18,4.95081,1,5.02739,1,0.00000,0,0.00000,0,0.00000,0,2147483647,2147483647,0,0.00000,0,Map1,271.20224,289.53848,
0,NewMedia0,6336,104.10906,3944185753,0.33358,0.33472,103.46848,0.64058,197,1,0.30128,0.29582,1,0.36914,0.27847,0,,0.07484,0.10461,18.65638,0.69370,1,0.49903,0.04346,18.68410,0.69008,1,0,0.00000,18,5.06865,1,5.43381,1,0.00000,0,0.00000,0,0.00000,0,2147483647,2147483647,0,0.00000,0,Map1,192.75801,85.04774,
0,NewMedia0,6356,104.43685,3947463766,0.31872,0.35349,104.12614,0.31071,198,1,0.34240,0.45366,1,0.32891,0.28125,0,,0.07804,0.10879,18.45724,0.67962,1,0.50228,0.04747,19.34830,0.67600,1,0,0.00000,18,4.89465,1,4.85058,1,0.00000,0,0.00000,0,0.00000,0,2147483647,2147483647,0,0.00000,0,Map1,46.66603,215.39410,
0,NewMedia0,6371,104.69059,3950001131,0.30686,0.33905,104.45400,0.23659,199,1,0.27111,0.23313,1,0.28281,0.25139,0,,0.07601,0.10260,17.98854,0.65834,1,0.49807,0.03646,17.37351,0.66084,1,0,0.00000,18,5.35012,1,3.78698,1,0.00000,0,0.00000,0,0.00000,0,2147483647,2147483647,0,0.00000,0,Map1,36.79950,145.59413,
0,NewMedia0,6390,104.99549,3953050153,0.35183,0.68138,104.74929,0.24620,200,1,0.27468,0.21327,1,0.25781,0.19583,0,,0.07389,0.09469,17.21808,0.65000,1,0.49716,0.03638,17.29631,0.65000,1,0,0.00000,18,3.75834,1,3.85637,1,0.00000,0,0.00000,0,0.00000,0,2147483647,2147483647,0,0.00000,0,Map3,506.21945,283.14508,
0,NewMedia0,6407,105.27453,3955840530,0.27079,0.28764,105.06251,0.21202,201,1,0.25603,0.23177,1,0.24492,0.20486,0,,0.06798,0.10517,17.39310,0.65000,1,0.50079,0.06667,6.52581,0.64690,1,0,0.00000,18,5.43198,1,1.72513,1,0.00000,0,0.00000,0,0.00000,0,2147483647,2147483647,0,0.00000,0,Map1,603.74933,110.09779,
0,NewMedia0,6430,105.65316,3959626758,0.26480,0.21746,105.29128,0.36188,202,1,0.26416,0.12602,1,0.24766,0.19861,0,,0.06972,0.10467,18.47473,0.73478,1,0.49363,0.04487,17.81723,0.73478,1,0,0.00000,18,5.28250,1,5.80317,1,0.00000,0,0.00000,0,0.00000,0,2147483647,2147483647,0,0.00000,0,Map1,102.21597,98.62804,
0,NewMedia0,6445,105.90105,3962105654,0.26382,0.19622,105.66921,0.23184,203,1,0.28345,0.28264,1,0.24766,0.19861,0,,0.07200,0.10228,17.12869,0.62649,1,0.49409,0.03895,17.46626,0.63205,1,0,0.00000,18,5.56693,1,3.84809,1,0.00000,0,0.00000,0,0.00000,0,2147483647,2147483647,0,0.00000,0,Map1,30.68833,94.68943,
0,NewMedia0,6464,106.21223,3965217507,0.25778,0.25342,105.91610,0.29613,204,1,0.28161,0.25969,1,0.26719,0.20139,0,,0.07120,0.10578,17.15856,0.63468,1,0.49549,0.05235,18.43335,0.63468,1,0,0.00000,18,5.63382,1,5.34189,1,0.00000,0,0.00000,0,0.00000,0,2147483647,2147483647,0,0.00000,0,Map1,83.80677,259.36798,
0,NewMedia0,6476,106.40806,3967175687,0.32059,0.34227,106.22767,0.18039,205,1,0.47415,0.53315,0,0.26719,0.20208,0,,0.08584,0.12334,16.36437,0.69409,0,0.51067,0.07378,17.50751,0.70416,0,0,0.00000,18,5.13507,0,4.11773,0,0.00000,0,0.00000,0,0.00000,0,2147483647,2147483647,0,0.00000,0,Map1,205.48541,321.49063,
0,NewMedia0,6648,109.23399,3995435024,0.27216,0.28053,108.49650,0.73749,206,1,0.25454,0.37555,1,0.28281,0.18333,0,,0.00925,0.09002,14.12065,0.63519,0,0.42336,0.03183,16.23770,0.63232,1,0,0.00000,20,5.30364,0,3.66195,1,0.00000,0,0.00000,0,0.00000,0,2147483647,2147483647,0,0.00000,0,Map1,152.56288,144.35602,
0,NewMedia0,6665,109.51392,3998234471,0.24665,0.33302,109.25069,0.26323,207,1,0.24760,0.32274,0,0.28281,0.18333,0,,0.00925,0.09002,14.12065,0.67265,0,0.39646,0.00906,15.90602,0.67600,0,36,0.00000,20,5.30364,0,3.60823,0,0.00000,0,0.00000,0,0.00000,0,2147483647,2147483647,0,0.00000,0,Map1,99.88996,229.17314,
0,NewMedia0,6854,112.61877,4029282848,0.35518,0.27643,112.43804,0.18073,208,1,0.39237,0.30344,0,0.31641,0.28750,0,,0.03791,0.00313,18.83672,0.66338,0,0.39646,0.00906,15.90602,0.66338,0,0,0.00000,21,7.48120,0,3.60823,0,0.00000,0,0.00000,0,0.00000,0,2147483647,2147483647,0,0.00000,0,Map1,289.54074,16.34643,
0,NewMedia0,6936,113.96598,4042754997,0.72178,0.53607,113.67126,0.29472,209,1,0.69673,0.52643,1,0.31641,0.28750,0,,0.85727,0.07508,17.23525,0.67600,1,0.39646,0.00906,15.90602,0.67600,0,0,0.00000,20,5.00164,1,3.60823,0,0.00000,0,0.00000,0,0.00000,0,2147483647,2147483647,0,0.00000,0,Ranking,1010.22882,338.27847,
0,NewMedia0,6961,114.37719,4046867108,0.66818,0.47778,113.98307,0.39412,210,1,0.65398,0.44278,1,0.31641,0.28750,0,,0.96664,0.05800,17.82624,0.67600,1,0.39646,0.00906,15.90602,0.67600,0,0,0.00000,20,5.02622,1,3.60823,0,0.00000,0,0.00000,0,0.00000,0,2147483647,2147483647,0,0.00000,0,Ranking,160.85323,148.54512,
0,NewMedia0,7152,117.51473,4078242528,0.55186,0.98744,117.35085,0.16388,211,1,0.72839,1.00709,0,0.31641,0.28750,0,,0.02119,0.02923,9.11998,0.67600,0,0.39646,0.00906,15.90602,0.67600,0,0,0.00000,19,2.43571,0,3.60823,0,0.00000,0,0.00000,0,0.00000,0,2147483647,2147483647,0,0.00000,0,,792.02075,247.91547,
0,NewMedia0,7679,126.17934,4164888646,0.82705,0.43170,125.96069,0.21866,212,1,0.81193,0.25178,1,0.31641,0.28750,0,,0.31344,0.10282,14.72699,0.78230,1,0.72808,0.12694,15.86099,0.77406,1,0,0.00000,15,3.43778,1,3.44569,1,0.00000,0,0.00000,0,0.00000,0,2147483647,2147483647,0,0.00000,0,Histogram,1066.17371,48.64202,
0,NewMedia0,7703,126.56718,4168766953,0.81313,0.31321,126.20579,0.36139,213,1,0.85306,0.28959,1,0.31641,0.28750,0,,0.30835,0.06969,14.80499,0.71992,1,0.72063,0.07806,15.68397,0.72422,1,0,0.00000,15,3.59791,1,3.58249,1,0.00000,0,0.00000,0,0.00000,0,2147483647,2147483647,0,0.00000,0,Histogram,174.30711,101.79669,
0,NewMedia0,7721,126.86337,4171728843,0.82782,0.36342,126.58283,0.28053,214,1,0.65188,0.34434,1,0.31641,0.28750,0,,0.31422,0.04842,13.50082,0.72792,1,0.72827,0.04785,14.93563,0.74313,1,0,0.00000,15,3.96374,1,4.69014,1,0.00000,0,0.00000,0,0.00000,0,2147483647,2147483647,0,0.00000,0,Histogram,81.49776,297.48016,
0,NewMedia0,7748,127.30682,4176163309,0.33638,0.29409,126.92800,0.37881,215,1,0.35547,0.31183,0,0.31641,0.28750,0,,0.13757,-0.00074,15.67947,0.70810,0,0.62862,-0.00162,18.78367,0.70416,0,39,0.00000,15,3.99243,0,6.35508,0,0.00000,0,0.00000,0,0.00000,0,2147483647,2147483647,0,0.00000,0,Map1,1262.04150,175.46281,
0,NewMedia0,7939,130.44534,4207548612,-0.15506,0.00147,130.27936,0.16600,216,1,-0.11520,-0.06228,0,0.01133,0.23611,0,,-0.00660,0.01959,20.83341,0.70416,0,0.62862,-0.00162,18.78367,0.70416,0,0,0.00000,16,5.27185,0,6.35508,0,0.00000,0,0.00000,0,0.00000,0,2147483647,2147483647,0,0.00000,0,,1326.77673,161.48268,
0,NewMedia0,7962,130.82288,4211323804,0.56960,0.86454,130.75623,0.06664,217,1,0.57263,0.87563,0,0.03086,0.20278,0,,0.00921,0.06254,8.64498,0.70416,0,0.62862,-0.00162,18.78367,0.70416,0,0,0.00000,16,2.44093,0,6.35508,0,0.00000,0,0.00000,0,0.00000,0,2147483647,2147483647,0,0.00000,0,Map4,2232.95972,326.18039,
0,NewMedia0,8075,132.67810,4229876167,-0.10540,-0.10026,132.61261,0.06548,218,1,-0.09969,-0.09490,0,0.03164,0.19931,0,,0.00847,0.03156,17.80824,0.70416,1,0.62862,-0.00162,18.78367,0.70416,0,0,0.00000,15,4.07390,1,6.35508,0,0.00000,0,0.00000,0,0.00000,0,2147483647,2147483647,0,0.00000,0,,2217.24414,141.20073,
0,NewMedia0,8174,134.30493,4246144436,-0.12878,-0.13630,134.07480,0.23012,219,1,-0.07719,-0.17782,0,0.01680,0.18125,0,,0.02521,0.01852,17.18976,0.70416,1,0.62862,-0.00162,18.78367,0.70416,0,0,0.00000,15,3.93166,1,6.35508,0,0.00000,0,0.00000,0,0.00000,0,2147483647,2147483647,0,0.00000,0,,79.21945,139.07185,
0,NewMedia0,8205,134.81412,4251236356,-0.06207,-0.17836,134.51913,0.29500,220,1,-0.02287,-0.23303,1,0.01680,0.18125,0,,0.02356,0.01871,18.14581,0.70416,1,0.62862,-0.00162,18.78367,0.70416,0,0,0.00000,14,4.12183,1,6.35508,0,0.00000,0,0.00000,0,0.00000,0,2147483647,2147483647,0,0.00000,0,,181.19957,19.52709,
0,NewMedia0,8216,134.99493,4253044639,-0.03686,-0.20762,134.83081,0.16414,221,1,-0.05045,-0.23763,0,0.01680,0.18125,0,,0.02157,0.02161,18.48841,0.70416,1,0.62862,-0.00162,18.78367,0.70416,0,0,0.00000,14,4.23147,1,6.35508,0,0.00000,0,0.00000,0,0.00000,0,2147483647,2147483647,0,0.00000,0,,77.07404,33.13913,
0,NewMedia0,8244,135.45493,4257644311,-0.00247,-0.20352,135.20819,0.24673,222,1,0.04560,-0.11876,1,0.01680,0.18125,0,,0.01762,0.02323,18.79750,0.70416,1,0.62862,-0.00162,18.78367,0.70416,0,0,0.00000,13,4.27023,1,6.35508,0,0.00000,0,0.00000,0,0.00000,0,2147483647,2147483647,0,0.00000,0,,88.23615,356.16339,
0,NewMedia0,8255,135.63647,4259460065,0.04008,-0.12809,135.47150,0.16499,223,1,0.04652,-0.12956,0,0.01680,0.18125,0,,0.01558,0.02342,18.91953,0.70416,1,0.62862,-0.00162,18.78367,0.70416,0,0,0.00000,13,4.28224,1,6.35508,0,0.00000,0,0.00000,0,0.00000,0,2147483647,2147483647,0,0.00000,0,,153.82925,315.08133,
0,NewMedia0,8315,136.62204,4269315539,-0.06062,-0.19696,136.44046,0.18158,224,1,-0.05567,-0.24254,0,0.01680,0.18125,0,,0.00951,0.02488,17.71346,0.70416,1,0.62862,-0.00162,18.78367,0.70416,0,0,0.00000,13,4.08923,1,6.35508,0,0.00000,0,0.00000,0,0.00000,0,2147483647,2147483647,0,0.00000,0,,276.20999,158.95822,
0,NewMedia0,8341,137.04895,4273584626,-0.07404,-0.14336,136.83487,0.21408,225,1,-0.03894,-0.22804,1,0.01680,0.18125,0,,0.01239,0.02125,18.92205,0.70416,1,0.62862,-0.00162,18.78367,0.70416,0,0,0.00000,13,4.26301,1,6.35508,0,0.00000,0,0.00000,0,0.00000,0,2147483647,2147483647,0,0.00000,0,,84.48462,246.00577,
0,NewMedia0,8371,137.54178,4278512925,-0.04260,-0.23728,137.06552,0.47624,226,1,0.07404,-0.25230,0,0.07187,0.16528,0,,0.00710,0.00486,11.61724,0.70416,0,0.62862,-0.00162,18.78367,0.70416,0,40,0.00000,13,4.55698,0,6.35508,0,0.00000,0,0.00000,0,0.00000,0,2147483647,2147483647,0,0.00000,0,,157.38239,59.24243,
0,NewMedia0,8387,137.80423,4281137522,0.04027,-0.24002,137.70505,0.09918,227,1,0.05453,-0.23441,0,0.09961,0.16528,0,,0.00159,0.01809,16.58656,0.70416,1,0.62862,-0.00162,18.78367,0.70416,0,0,0.00000,14,3.71192,1,6.35508,0,0.00000,0,0.00000,0,0.00000,0,2147483647,2147483647,0,0.00000,0,,212.18388,1.06549,
0,NewMedia0,8507,139.77597,4300854984,-0.11765,-0.20586,139.45328,0.32269,228,1,-0.12126,-0.17893,0,0.03086,0.20903,0,,0.00988,0.02001,18.40001,0.70416,1,0.62862,-0.00162,18.78367,0.70416,0,0,0.00000,14,4.17556,1,6.35508,0,0.00000,0,0.00000,0,0.00000,0,2147483647,2147483647,0,0.00000,0,,407.25684,186.93739,
0,NewMedia0,8529,140.13721,4304467378,-0.07375,-0.25803,139.89066,0.24657,229,1,-0.05862,-0.24598,0,0.03086,0.20903,0,,0.00391,0.02131,18.70625,0.70416,1,0.62862,-0.00162,18.78367,0.70416,0,0,0.00000,14,4.43366,1,6.35508,0,0.00000,0,0.00000,0,0.00000,0,2147483647,2147483647,0,0.00000,0,,135.18100,33.76134,
0,NewMedia0,8546,140.41614,4307256588,-0.04678,-0.13851,140.30136,0.11478,230,1,-0.06013,-0.08826,0,0.03086,0.20903,0,,-0.00267,0.02108,20.47041,0.70416,1,0.62862,-0.00162,18.78367,0.70416,0,0,0.00000,14,4.91551,1,6.35508,0,0.00000,0,0.00000,0,0.00000,0,2147483647,2147483647,0,0.00000,0,,185.44109,291.85870,
0,NewMedia0,8595,141.22488,4315344020,0.44913,0.57641,141.17184,0.05304,231,1,0.44114,0.57477,1,0.57461,0.51875,0,,0.09277,-0.00312,20.11509,0.70416,1,0.62862,-0.00162,18.78367,0.70416,0,0,0.00000,13,6.76538,1,6.35508,0,0.00000,0,0.00000,0,0.00000,0,2147483647,2147483647,0,0.00000,0,,1634.48608,320.96075,
0,NewMedia0,8649,142.10992,4324194395,0.54490,0.66841,141.87848,0.23143,232,1,0.47853,0.48658,1,0.52852,0.58125,0,,0.18832,0.01004,15.05476,1.34714,1,0.64530,0.02495,17.23389,1.12343,1,0,0.00000,13,5.12509,1,3.99896,1,0.00000,0,0.00000,0,0.00000,0,2147483647,2147483647,0,0.00000,0,Map4,278.67514,331.61511,
0,NewMedia0,8657,142.24045,4325499752,0.49244,0.72282,142.12460,0.11584,233,1,0.47167,0.78642,0,0.48438,0.58125,0,,0.18822,0.01029,15.41470,0.67600,0,0.64542,0.02528,16.88276,0.67600,0,42,0.00000,13,4.72713,0,3.89445,0,0.00000,0,0.00000,0,0.00000,0,2147483647,2147483647,0,0.00000,0,Map4,155.48190,210.25964,
0,NewMedia0,8682,142.65155,4329610578,0.42768,0.68592,142.60202,0.04951,234,1,0.58988,0.92196,1,0.23945,0.16528,0,,0.16006,0.02787,8.25776,0.67600,1,0.61384,0.02858,7.81818,0.67600,1,0,0.00000,14,1.88656,1,2.03666,1,0.00000,0,0.00000,0,0.00000,0,2147483647,2147483647,0,0.00000,0,Map3,174.09280,162.22884,
0,NewMedia0,8694,142.84772,4331572416,0.64608,0.95290,142.76682,0.08090,235,1,0.57887,0.86441,1,0.26016,0.20208,0,,0.14697,0.03155,7.38594,0.67600,1,0.61084,0.02669,7.35411,0.67600,0,0,0.00000,14,1.78626,1,2.00002,0,0.00000,0,0.00000,0,0.00000,0,2147483647,2147483647,0,0.00000,0,,678.52795,325.48682,
0,NewMedia0,8716,143.20914,4335186603,0.54194,0.96644,143.01205,0.19710,236,1,0.56615,0.92427,1,0.25938,0.20069,0,,0.13803,0.03691,8.21133,0.67600,1,0.61084,0.02669,7.35411,0.67600,0,0,0.00000,14,1.94806,1,2.00002,0,0.00000,0,0.00000,0,0.00000,0,2147483647,2147483647,0,0.00000,0,,267.31055,184.18286,
0,NewMedia0,10355,170.13528,4604448072,0.96287,-0.66188,170.08640,0.04889,237,1,0.97554,-0.73882,1,0.81133,0.67500,0,,0.84334,0.03517,19.10006,2.63393,1,0.45145,0.29471,25.23442,2.86696,0,0,0.00000,16,17.40675,1,17.94867,0,0.00000,0,0.00000,0,0.00000,0,2147483647,2147483647,0,0.00000,0,,2580.53833,65.31811,
0,NewMedia0,10383,170.59604,4609055662,0.67461,0.51291,170.30682,0.28922,238,1,0.62735,0.26716,0,0.76680,0.61597,0,,0.85194,0.06029,17.53078,0.67600,0,0.45145,0.29471,25.23442,0.67600,0,52,0.00000,15,17.81912,0,17.94867,0,0.00000,0,0.00000,0,0.00000,0,2147483647,2147483647,0,0.00000,0,Ranking,1845.64478,246.43240,
0,NewMedia0,10426,171.30905,4616185790,0.65972,0.54110,170.90808,0.40097,239,1,0.67202,0.51660,1,0.73633,0.57917,0,,0.85003,0.06929,19.25652,0.62115,1,0.45145,0.29471,25.23442,0.61518,0,0,0.00000,16,18.50327,1,17.94867,0,0.00000,0,0.00000,0,0.00000,0,2147483647,2147483647,0,0.00000,0,Ranking,55.68541,226.80107,
0,NewMedia0,10446,171.63068,4619401918,0.77380,0.53377,171.36789,0.26279,240,1,0.76567,0.60311,0,0.73633,0.57917,0,,0.79464,0.01953,20.32176,0.60357,1,0.94669,0.07030,12.97286,0.60357,0,0,0.00000,16,16.54297,1,7.08138,0,0.00000,0,0.00000,0,0.00000,0,2147483647,2147483647,0,0.00000,0,Ranking,292.23547,2.06990,
0,NewMedia0,11452,188.15848,4784679895,0.85994,0.40953,187.96152,0.19695,241,1,1.27785,-0.55225,1,0.62227,0.20625,0,,0.92074,0.04653,17.49530,1.72857,1,0.33845,0.27318,26.50392,1.96161,0,0,0.00000,17,9.96310,1,19.02719,0,0.00000,0,0.00000,0,0.00000,0,2147483647,2147483647,0,0.00000,0,Histogram,283.96399,39.05228,
0,NewMedia0,11468,188.42157,4787310956,1.44570,-1.04438,188.22452,0.19707,242,1,1.58568,-0.69468,1,0.62227,0.20625,0,,0.96627,0.07783,17.60147,2.41428,1,0.33845,0.27318,26.50392,2.41428,0,0,0.00000,17,16.82497,1,19.02719,0,0.00000,0,0.00000,0,0.00000,0,2147483647,2147483647,0,0.00000,0,,2575.25269,54.38817,
0,NewMedia0,11481,188.63507,4789445941,1.24683,-1.57672,188.53659,0.09848,243,1,1.17112,-1.52965,0,0.62227,0.20625,0,,0.98701,0.08708,17.39285,2.41428,0,0.33845,0.27318,26.50392,2.41428,0,57,0.00000,17,15.34971,0,19.02719,0,0.00000,0,0.00000,0,0.00000,0,2147483647,2147483647,0,0.00000,0,,920.22797,123.58961,
0,NewMedia0,11499,188.93079,4792403099,-4.28362,2.24154,188.84906,0.08174,244,1,-4.31956,2.26708,0,0.62227,0.20625,0,,0.94760,0.06801,6.31113,2.41428,1,0.33845,0.27318,26.50392,2.41428,0,0,0.00000,18,5.71595,1,19.02719,0,0.00000,0,0.00000,0,0.00000,0,2147483647,2147483647,0,0.00000,0,,15188.11523,201.22386,
0,NewMedia0,11526,189.37357,4796830787,-1.09078,-0.44375,189.29199,0.08156,245,1,-0.95571,-0.59931,1,0.62227,0.20625,0,,0.96160,0.11820,22.51483,2.41428,1,0.33845,0.27318,26.50392,2.41428,0,0,0.00000,18,16.48344,1,19.02719,0,0.00000,0,0.00000,0,0.00000,0,2147483647,2147483647,0,0.00000,0,,9042.18750,25.31800,
0,NewMedia0,11545,189.68854,4799980478,-4.13765,3.18053,189.48935,0.19919,246,1,-4.37089,3.36250,1,0.62227,0.20625,0,,0.95998,0.12049,20.75724,2.41428,1,0.33845,0.27318,26.50392,2.41428,0,0,0.00000,18,18.08219,1,19.02719,0,0.00000,0,0.00000,0,0.00000,0,2147483647,2147483647,0,0.00000,0,,9384.95508,213.78644,
0,NewMedia0,11618,190.88492,4811944402,1.07723,-0.80292,190.68823,0.19669,247,1,1.17030,-0.66626,1,0.67891,0.20417,0,,0.98133,0.08209,19.05147,2.41428,1,0.33845,0.27318,26.50392,2.41428,0,0,0.00000,19,16.05077,1,19.02719,0,0.00000,0,0.00000,0,0.00000,0,2147483647,2147483647,0,0.00000,0,,14530.26465,23.25187,
0,NewMedia0,11660,191.57553,4818850465,0.91782,-0.66421,191.49277,0.08276,248,1,0.93264,-0.59620,1,0.88789,0.55278,0,,0.98225,0.08516,19.68848,2.41428,1,0.33845,0.27318,26.50392,2.41428,0,0,0.00000,19,15.89179,1,19.02719,0,0.00000,0,0.00000,0,0.00000,0,2147483647,2147483647,0,0.00000,0,,454.35025,206.07977,
0,NewMedia0,11679,191.88736,4821968698,0.75739,-3.84752,191.84387,0.04349,249,1,0.73067,-3.84677,1,0.94219,0.55625,0,,0.98206,0.07478,19.05159,3.38000,1,0.33845,0.27318,26.50392,3.38000,0,0,0.00000,19,17.45037,1,19.02719,0,0.00000,0,0.00000,0,0.00000,0,2147483647,2147483647,0,0.00000,0,,4602.32861,95.11975,
0,NewMedia0,11695,192.15067,4824601795,0.92862,-2.57058,192.10065,0.05000,250,1,0.94316,-2.39149,1,0.94219,0.55625,0,,0.97788,0.08169,21.03601,3.38000,1,0.33845,0.27318,26.50392,3.38000,0,0,0.00000,19,16.00793,1,19.02719,0,0.00000,0,0.00000,0,0.00000,0,2147483647,2147483647,0,0.00000,0,,1890.32080,283.40845,
0,NewMedia0,11712,192.42963,4827391425,-1.24175,-0.84404,192.36453,0.06509,251,1,-1.25511,-0.78142,0,0.94219,0.55625,0,,0.92214,0.06312,6.20689,3.38000,1,0.33845,0.27318,26.50392,3.38000,0,0,0.00000,19,4.63671,1,19.02719,0,0.00000,0,0.00000,0,0.00000,0,2147483647,2147483647,0,0.00000,0,,6087.03955,204.10716,
0,NewMedia0,11819,194.18756,4844970671,0.67764,0.62763,193.92535,0.26221,252,1,0.64973,0.73035,1,0.93750,0.55208,0,,0.34944,0.26876,9.34229,0.43333,0,0.13377,0.95805,42.71381,0.43333,1,0,0.00000,20,10.27513,0,49.70780,1,0.00000,0,0.00000,0,0.00000,0,2147483647,2147483647,0,0.00000,0,Ranking,5351.15576,336.66992,
0,NewMedia0,11834,194.43365,4847431790,0.66231,0.60791,194.20343,0.23024,253,1,0.72213,0.43043,1,0.93750,0.55208,0,,0.34944,0.26876,9.34229,0.43333,0,0.14915,0.96314,42.16871,0.43333,1,0,0.00000,20,10.27513,0,51.16978,1,0.00000,0,0.00000,0,0.00000,0,2147483647,2147483647,0,0.00000,0,Ranking,48.44098,144.11119,
0,NewMedia0,11923,195.89667,4862061909,0.64728,0.63816,195.58401,0.31267,254,1,0.66372,0.39648,0,0.93320,0.55208,0,,0.90495,0.02128,18.21887,0.43333,0,0.45206,0.25585,22.74239,0.43333,0,0,0.00000,21,21.71992,0,16.38833,0,0.00000,0,0.00000,0,0.00000,0,2147483647,2147483647,0,0.00000,0,Map4,58.12011,228.54555,
0,NewMedia0,11951,196.35629,4866658229,0.67014,0.20704,196.10983,0.24648,255,1,0.62928,0.15586,1,0.85547,0.52083,0,,0.90648,-0.00018,18.87735,0.43333,1,0.45206,0.25585,22.74239,0.43333,0,0,0.00000,21,13.70221,1,16.38833,0,0.00000,0,0.00000,0,0.00000,0,2147483647,2147483647,0,0.00000,0,Histogram,623.56494,84.61485,
0,NewMedia0,11958,196.47107,4867805970,0.63793,0.22005,196.37277,0.09831,256,1,0.63728,0.30397,0,0.85469,0.52014,0,,0.91000,0.00137,18.56603,0.43333,1,0.45206,0.25585,22.74239,0.43333,0,0,0.00000,21,13.38081,1,16.38833,0,0.00000,0,0.00000,0,0.00000,0,2147483647,2147483647,0,0.00000,0,Map2,84.55921,192.80031,
0,NewMedia0,11993,197.04565,4873551870,0.64079,0.72666,196.68521,0.36046,257,1,0.60466,0.78931,0,0.74531,0.58333,0,,0.94397,0.06022,19.75351,0.43333,1,0.45206,0.25585,22.74239,0.43333,0,0,0.00000,21,18.11822,1,16.38833,0,0.00000,0,0.00000,0,0.00000,0,2147483647,2147483647,0,0.00000,0,Map4,729.55511,270.57501,
0,NewMedia0,12033,197.70276,4880122747,0.62162,0.79605,197.21042,0.49232,258,1,0.71108,0.61415,1,0.74414,0.58333,0,,0.97619,0.09280,19.20607,0.43333,1,0.45206,0.25585,22.74239,0.43333,0,0,0.00000,20,18.62275,1,16.38833,0,0.00000,0,0.00000,0,0.00000,0,2147483647,2147483647,0,0.00000,0,Map4,111.32253,243.84265,
0,NewMedia0,12069,198.29480,4886043144,0.72994,0.59329,197.77014,0.52466,259,1,0.64344,0.65352,1,0.74414,0.58333,0,,0.97069,0.08886,17.99112,0.43333,1,0.45206,0.25585,22.74239,0.43333,0,0,0.00000,20,18.25440,1,16.38833,0,0.00000,0,0.00000,0,0.00000,0,2147483647,2147483647,0,0.00000,0,Ranking,402.67096,46.47670,
0,NewMedia0,12092,198.67239,4889819044,0.61992,0.69720,198.35995,0.31242,260,1,0.60372,0.54419,0,0.74414,0.58333,0,,0.96428,0.08091,18.91574,0.43333,1,0.45206,0.25585,22.74239,0.43333,0,0,0.00000,20,18.62067,1,16.38833,0,0.00000,0,0.00000,0,0.00000,0,2147483647,2147483647,0,0.00000,0,Map4,318.93042,207.97998,
0,NewMedia0,12492,205.24341,4955529364,0.67570,0.89260,204.94873,0.29469,261,1,0.65307,0.86937,0,0.74414,0.58333,0,,0.95088,0.10758,18.08169,0.43333,1,0.48891,0.31807,18.58899,0.43333,0,0,0.00000,19,17.67772,1,15.20737,0,0.00000,0,0.00000,0,0.00000,0,2147483647,2147483647,0,0.00000,0,Ranking,315.53662,296.90753,
0,NewMedia0,12512,205.57397,4958835050,0.70763,0.79591,205.25992,0.31407,262,1,0.71644,0.76425,0,0.74414,0.58333,0,,0.94243,0.12333,8.90419,0.43333,0,0.48891,0.31807,18.58899,0.43333,0,63,0.00000,19,7.76535,0,15.20737,0,0.00000,0,0.00000,0,0.00000,0,2147483647,2147483647,0,0.00000,0,Ranking,161.45450,59.58383,
0,NewMedia0,12582,206.72266,4970321745,0.68522,0.86965,205.73776,0.98489,263,1,0.66018,0.99462,1,0.84492,0.77292,0,,0.97814,0.13150,19.02828,0.43333,1,0.48891,0.31807,18.58899,0.43333,0,0,0.00000,20,19.18018,1,15.20737,0,0.00000,0,0.00000,0,0.00000,0,2147483647,2147483647,0,0.00000,0,Ranking,120.69241,241.61874,
0,NewMedia0,12599,207.00229,4973118191,0.69910,0.78466,206.73920,0.26311,264,1,0.67361,0.66280,1,0.84492,0.77292,0,,0.94351,0.15916,11.58302,0.43333,1,0.48891,0.31807,18.58899,0.43333,0,0,0.00000,20,13.96373,1,15.20737,0,0.00000,0,0.00000,0,0.00000,0,2147483647,2147483647,0,0.00000,0,Ranking,127.43948,73.81013,
0,NewMedia0,12653,207.88965,4981991753,0.60845,0.71726,207.41208,0.47758,265,1,0.60914,0.73123,1,0.84492,0.77292,0,,0.98156,0.13437,18.23864,0.43333,1,0.48891,0.31807,18.58899,0.43333,0,0,0.00000,20,18.42303,1,15.20737,0,0.00000,0,0.00000,0,0.00000,0,2147483647,2147483647,0,0.00000,0,Map4,251.54248,157.30388,
0,NewMedia0,12695,208.57913,4988886401,0.62260,0.74746,207.90518,0.67393,266,1,0.68081,0.81116,1,0.84492,0.77292,0,,0.98704,0.15271,17.56236,0.43333,1,0.48891,0.31807,18.58899,0.43333,0,0,0.00000,20,16.94627,1,15.20737,0,0.00000,0,0.00000,0,0.00000,0,2147483647,2147483647,0,0.00000,0,Map4,56.59855,309.79321,
0,NewMedia0,12704,208.72729,4990368189,0.66867,0.81321,208.59656,0.13075,267,1,0.65661,0.79940,0,0.84492,0.77292,0,,0.99047,0.14580,17.89426,0.43333,1,0.48891,0.31807,18.58899,0.43333,0,0,0.00000,20,18.38141,1,15.20737,0,0.00000,0,0.00000,0,0.00000,0,2147483647,2147483647,0,0.00000,0,Ranking,151.24133,321.24292,
0,NewMedia0,12716,208.92386,4992333727,0.60027,0.77834,208.84164,0.08221,268,1,0.59190,0.75765,0,0.82148,0.75347,0,,0.95262,0.09726,20.51077,0.43333,1,0.48891,0.31807,18.58899,0.43333,0,0,0.00000,20,20.89441,1,15.20737,0,0.00000,0,0.00000,0,0.00000,0,2147483647,2147483647,0,0.00000,0,Map4,182.16132,163.99921,
0,NewMedia0,12738,209.28519,4995946980,0.59007,0.24458,209.23657,0.04861,269,1,0.51284,0.10995,1,0.64883,0.21389,0,,0.84673,0.00437,15.29541,0.49706,1,0.48891,0.31807,18.58899,0.49706,0,0,0.00000,20,15.13240,1,15.20737,0,0.00000,0,0.00000,0,0.00000,0,2147483647,2147483647,0,0.00000,0,Map2,769.05780,91.94575,
0,NewMedia0,12752,209.51526,4998247686,0.41182,1.03127,209.35086,0.16438,270,1,0.36264,1.06520,0,0.63906,0.16736,0,,0.78194,0.00521,9.50434,0.49706,0,0.48891,0.31807,18.58899,0.49706,0,65,0.00000,19,7.75859,0,15.20737,0,0.00000,0,0.00000,0,0.00000,0,2147483647,2147483647,0,0.00000,0,,1221.28625,248.05978,
0,NewMedia0,13416,220.42413,5107336327,0.19698,1.15216,220.32532,0.09882,271,1,0.16558,0.91858,0,0.61953,0.20000,0,,0.46263,0.58664,8.31410,0.49706,1,0.46401,0.58607,9.10209,0.49706,0,0,0.00000,16,7.51079,1,7.33674,0,0.00000,0,0.00000,0,0.00000,0,2147483647,2147483647,0,0.00000,0,,576.88287,197.56349,
0,NewMedia0,13438,220.78647,5110959937,0.41245,0.98257,220.68744,0.09903,272,1,0.16873,0.98621,0,0.61953,0.20000,0,,0.46427,0.59447,8.16237,0.49706,0,0.46401,0.58607,9.10209,0.49706,0,67,0.00000,16,6.23690,0,7.33674,0,0.00000,0,0.00000,0,0.00000,0,2147483647,2147483647,0,0.00000,0,,603.24487,23.88027,
0,NewMedia0,13470,221.31097,5116204803,0.51994,0.98073,221.04831,0.26266,273,1,0.57811,0.94503,1,0.61914,0.20694,0,,0.53323,0.61866,10.82708,0.49706,1,0.46401,0.58607,9.10209,0.49706,0,0,0.00000,17,10.59715,1,7.33674,0,0.00000,0,0.00000,0,0.00000,0,2147483647,2147483647,0,0.00000,0,,275.18719,0.55166,
0,NewMedia0,15732,258.47250,5487820161,-0.32947,1.13810,258.39102,0.08148,274,1,-0.33737,1.13602,0,0.80352,0.66944,0,,0.88499,0.00733,7.37303,0.49706,0,0.90952,0.48872,15.67417,0.49706,0,0,0.00000,9,1.36309,0,3.95825,0,0.00000,0,0.00000,0,0.00000,0,2147483647,2147483647,0,0.00000,0,,2186.26611,185.94955,
0,NewMedia0,15984,262.61267,5529221703,0.09392,1.95519,262.53232,0.08035,275,1,-0.40090,1.93053,1,0.87500,0.79514,0,,0.97435,0.02231,19.51043,0.81322,1,0.90952,0.48872,15.67417,0.82883,0,0,0.00000,8,3.92542,1,3.95825,0,0.00000,0,0.00000,0,0.00000,0,2147483647,2147483647,0,0.00000,0,,1599.75073,312.65088,
0,NewMedia0,16067,263.97668,5542862023,0.00966,2.04305,263.91690,0.05978,276,1,-0.00219,2.05580,1,0.80586,0.81111,0,,0.97321,0.02496,18.98944,0.91053,1,0.90952,0.48872,15.67417,0.90535,0,0,0.00000,10,4.03983,1,3.95825,0,0.00000,0,0.00000,0,0.00000,0,2147483647,2147483647,0,0.00000,0,,250.07169,210.39305,
0,NewMedia0,16088,264.32477,5546342836,-0.62682,2.87526,264.24100,0.08377,277,1,-0.58461,2.86472,1,0.85000,0.80486,0,,0.97304,0.02446,19.39239,1.69000,1,0.90952,0.48872,15.67417,1.69000,0,0,0.00000,10,4.10503,1,3.95825,0,0.00000,0,0.00000,0,0.00000,0,2147483647,2147483647,0,0.00000,0,,2022.62915,216.33371,
0,NewMedia0,16116,264.78226,5550917701,-0.25964,2.28413,264.53534,0.24692,278,1,-0.10282,2.32623,1,0.85508,0.78403,0,,0.97614,0.01826,17.41217,1.69000,1,0.90952,0.48872,15.67417,1.69000,0,0,0.00000,9,4.30215,1,3.95825,0,0.00000,0,0.00000,0,0.00000,0,2147483647,2147483647,0,0.00000,0,,1268.12915,42.16333,
0,NewMedia0,16129,265.00128,5553107931,-0.12022,2.25872,264.79810,0.20319,279,1,-0.01600,2.26222,1,0.85508,0.78403,0,,0.97732,0.01741,17.89682,1.69000,1,0.90952,0.48872,15.67417,1.69000,0,0,0.00000,9,4.42798,1,3.95825,0,0.00000,0,0.00000,0,0.00000,0,2147483647,2147483647,0,0.00000,0,,358.78595,5.85349,
0,NewMedia0,16142,265.21423,5555237430,-0.15752,2.42755,265.01196,0.20227,280,1,-0.29529,3.05358,1,0.85508,0.78403,0,,0.97673,0.02562,19.68295,1.69000,1,0.90952,0.48872,15.67417,1.69000,0,0,0.00000,9,4.05164,1,3.95825,0,0.00000,0,0.00000,0,0.00000,0,2147483647,2147483647,0,0.00000,0,,261.19550,248.55667,
0,NewMedia0,16163,265.55438,5558638852,-0.33009,3.18054,265.32526,0.22913,281,1,-0.22008,3.27174,1,0.85508,0.78403,0,,0.97812,0.02780,21.22754,1.69000,1,0.90952,0.48872,15.67417,1.69000,0,0,0.00000,9,4.11359,1,3.95825,0,0.00000,0,0.00000,0,0.00000,0,2147483647,2147483647,0,0.00000,0,,1170.84888,247.83252,
0,NewMedia0,16185,265.91495,5562244660,-0.59351,3.38913,265.71783,0.19711,282,1,-0.04511,3.00073,1,0.85547,0.80486,0,,0.97822,0.03080,20.23013,1.36131,1,0.90952,0.48872,15.67417,1.24738,0,0,0.00000,8,3.94933,1,3.95825,0,0.00000,0,0.00000,0,0.00000,0,2147483647,2147483647,0,0.00000,0,,738.22540,204.00903,
0,NewMedia0,16202,266.19748,5565069901,0.12553,2.29269,265.98154,0.21594,283,1,0.16565,2.24222,1,0.85430,0.82292,0,,0.97862,0.02509,20.05533,0.91541,1,0.90952,0.48872,15.67417,0.91541,0,0,0.00000,8,4.15514,1,3.95825,0,0.00000,0,0.00000,0,0.00000,0,2147483647,2147483647,0,0.00000,0,,2425.11328,40.62093,
0,NewMedia0,16221,266.50668,5568161835,0.24235,1.78907,266.25989,0.24680,284,1,0.28903,1.78898,1,0.85469,0.83750,0,,0.97787,0.02158,20.13455,0.81647,1,0.90952,0.48872,15.67417,0.80659,0,0,0.00000,8,4.42000,1,3.95825,0,0.00000,0,0.00000,0,0.00000,0,2147483647,2147483647,0,0.00000,0,,784.45532,67.59000,
0,NewMedia0,16234,266.71991,5570294182,0.21264,1.82050,266.52917,0.19073,285,1,0.22816,1.78341,1,0.85547,0.84028,0,,0.97626,0.01973,19.47140,0.84500,1,0.90952,0.48872,15.67417,0.84500,0,0,0.00000,8,4.43804,1,3.95825,0,0.00000,0,0.00000,0,0.00000,0,2147483647,2147483647,0,0.00000,0,,88.50516,210.75543,
0,NewMedia0,16255,267.06573,5573752315,0.12416,1.77974,266.83514,0.23059,286,1,-0.37443,1.80268,1,0.85742,0.85278,0,,0.97520,0.02308,20.68526,0.82000,1,0.90952,0.48872,15.67417,0.81482,0,0,0.00000,8,4.33322,1,3.95825,0,0.00000,0,0.00000,0,0.00000,0,2147483647,2147483647,0,0.00000,0,,233.98985,165.47270,
0,NewMedia0,16272,267.35263,5576621343,0.04813,1.87095,267.13089,0.22174,287,1,0.82359,0.58708,1,0.85781,0.85486,0,,0.97635,0.03098,21.42760,0.88947,1,0.90952,0.48872,15.67417,0.88947,0,0,0.00000,7,4.14934,1,3.95825,0,0.00000,0,0.00000,0,0.00000,0,2147483647,2147483647,0,0.00000,0,,234.80690,214.01176,
0,NewMedia0,16295,267.72272,5580322205,0.19304,2.24718,267.50931,0.21341,288,1,0.22044,2.30379,1,0.85781,0.85486,0,,0.97889,0.03102,20.75609,0.86248,1,0.90952,0.48872,15.67417,0.85612,0,0,0.00000,7,4.10784,1,3.95825,0,0.00000,0,0.00000,0,0.00000,0,2147483647,2147483647,0,0.00000,0,,656.60834,304.40079,
0,NewMedia0,16308,267.93616,5582456748,0.18139,2.13587,267.73923,0.19693,289,1,0.32298,2.11367,1,0.85781,0.85486,0,,0.98114,0.02809,19.41886,0.83156,1,0.90952,0.48872,15.67417,0.85353,0,0,0.00000,7,4.21990,1,3.95825,0,0.00000,0,0.00000,0,0.00000,0,2147483647,2147483647,0,0.00000,0,,163.03740,100.54031,
0,NewMedia0,16340,268.46167,5587711796,-0.84385,0.83095,268.39694,0.06473,290,1,-0.86283,0.82579,1,0.85781,0.85486,0,,0.93190,0.03326,9.37497,0.88947,1,0.90952,0.48872,15.67417,0.88947,0,0,0.00000,8,2.35094,1,3.95825,0,0.00000,0,0.00000,0,0.00000,0,2147483647,2147483647,0,0.00000,0,,3227.93457,144.39934,
0,NewMedia0,16371,268.97089,5592804108,0.69274,3.20452,268.92136,0.04953,291,1,0.77413,3.18846,1,0.85781,0.85486,0,,0.98732,0.02839,19.19679,1.69000,1,0.90952,0.48872,15.67417,1.69000,0,0,0.00000,8,4.95212,1,3.95825,0,0.00000,0,0.00000,0,0.00000,0,2147483647,2147483647,0,0.00000,0,,5211.14990,319.01282,
0,NewMedia0,16389,269.26682,5595763326,0.31269,2.88697,269.18481,0.08200,292,1,0.35687,2.87979,1,0.85781,0.85486,0,,0.98158,0.02396,20.14446,1.69000,1,0.90952,0.48872,15.67417,1.69000,0,0,0.00000,8,4.46967,1,3.95825,0,0.00000,0,0.00000,0,0.00000,0,2147483647,2147483647,0,0.00000,0,,1075.02869,154.82668,
0,NewMedia0,16409,269.59579,5599053036,0.27779,3.06352,269.38263,0.21317,293,1,0.51473,3.15972,1,0.85781,0.85486,0,,0.98303,0.02725,20.83126,1.69000,1,0.90952,0.48872,15.67417,1.69000,0,0,0.00000,8,4.78950,1,3.95825,0,0.00000,0,0.00000,0,0.00000,0,2147483647,2147483647,0,0.00000,0,,269.47394,250.63715,
0,NewMedia0,16440,270.10446,5604139786,-0.81057,4.02043,270.05676,0.04770,294,1,0.24710,4.06079,1,0.85781,0.85278,0,,0.98236,0.03914,20.32212,1.69000,1,0.90952,0.48872,15.67417,1.69000,0,0,0.00000,8,4.26384,1,3.95825,0,0.00000,0,0.00000,0,0.00000,0,2147483647,2147483647,0,0.00000,0,,3108.32227,206.31528,
0,NewMedia0,16465,270.51587,5608253917,0.56498,2.33768,270.31863,0.19724,295,1,0.65759,2.24211,1,0.85820,0.84097,0,,0.98602,0.03122,19.91616,0.85555,1,0.90952,0.48872,15.67417,0.83829,0,0,0.00000,8,4.20689,1,3.95825,0,0.00000,0,0.00000,0,0.00000,0,2147483647,2147483647,0,0.00000,0,,4274.57764,34.53274,
0,NewMedia0,16480,270.76193,5610714394,0.48833,2.24454,270.53101,0.23093,296,1,0.36716,1.97876,1,0.85820,0.84097,0,,0.98090,0.02444,19.60028,0.90818,1,0.90952,0.48872,15.67417,0.90182,0,0,0.00000,7,4.52044,1,3.95825,0,0.00000,0,0.00000,0,0.00000,0,2147483647,2147483647,0,0.00000,0,,237.68156,145.64687,
0,NewMedia0,17732,291.32999,5816394871,0.57954,0.71514,291.23206,0.09793,297,1,0.55620,0.72765,0,0.64023,0.16250,0,,0.96551,0.01516,16.32110,0.88947,0,0.48193,0.60908,8.87176,0.88947,1,0,0.00000,4,4.12544,0,1.31725,1,0.00000,0,0.00000,0,0.00000,0,2147483647,2147483647,0,0.00000,0,Map4,2214.67944,83.94796,
0,NewMedia0,19856,326.22614,6165356544,0.33263,0.67644,326.09344,0.13269,298,1,0.34213,0.68627,0,0.37383,0.62014,0,,0.56565,0.34406,16.84083,0.88947,0,0.48031,0.60867,9.58167,0.88947,0,0,0.00000,5,3.33156,0,1.39469,0,0.00000,0,0.00000,0,0.00000,0,2147483647,2147483647,0,0.00000,0,Map3,634.54144,174.96156,
0,NewMedia0,20007,328.70654,6190160628,0.17062,0.25782,328.65756,0.04898,299,1,0.65468,0.75230,1,0.37383,0.62014,0,,0.37212,0.12116,6.13314,0.88947,1,0.48031,0.60867,9.58167,0.88947,0,0,0.00000,4,1.24307,1,1.39469,0,0.00000,0,0.00000,0,0.00000,0,2147483647,2147483647,0,0.00000,0,,731.70844,124.52865,
0,NewMedia0,20499,336.78940,6270989216,0.89000,1.16834,336.70743,0.08197,300,1,0.96395,1.20481,0,0.29258,0.05903,0,,0.15826,0.02218,12.70025,2.81666,0,0.18857,0.04333,8.20165,2.81666,0,0,0.00000,5,2.19085,0,1.16374,0,0.00000,0,0.00000,0,0.00000,0,2147483647,2147483647,0,0.00000,0,,2260.67432,324.55078,
0,NewMedia0,21905,359.88736,6501968778,0.51642,0.62041,359.77179,0.11557,301,1,0.52945,0.66268,0,0.60430,0.33056,0,,0.09396,0.01406,16.55312,0.61800,0,0.53204,0.00159,17.94988,0.61800,0,81,0.00000,5,5.45935,0,6.33375,0,0.00000,0,0.00000,0,0.00000,0,2147483647,2147483647,0,0.00000,0,Map4,1239.83252,140.47672,
0,NewMedia0,23009,378.02661,6683361317,0.64936,0.65988,377.79700,0.22961,302,1,0.66902,0.53342,1,0.74414,0.57708,0,,0.24742,0.41354,15.87630,0.80476,1,0.65062,0.39764,14.68332,0.80476,1,0,0.00000,7,3.99445,1,3.78754,1,0.00000,0,0.00000,0,0.00000,0,2147483647,2147483647,0,0.00000,0,,345.03983,350.51874,
0,NewMedia0,23022,378.23746,6685469807,0.69238,0.49449,378.08981,0.14764,303,1,0.68876,0.44383,0,0.74414,0.57708,0,,0.23457,0.49019,6.29325,0.88947,0,0.65252,0.43421,13.03441,0.88947,0,0,0.00000,7,1.77423,0,4.69656,0,0.00000,0,0.00000,0,0.00000,0,2147483647,2147483647,0,0.00000,0,Ranking,262.39249,65.18312,
0,NewMedia0,23177,380.78491,6710944290,0.63991,0.60214,380.72287,0.06204,304,1,0.63991,0.60214,0,0.53867,0.48403,0,,0.42825,0.05234,7.08867,0.88947,0,0.65252,0.43421,13.03441,0.88947,0,0,0.00000,8,2.11910,0,4.69656,0,0.00000,0,0.00000,0,0.00000,0,2147483647,2147483647,0,0.00000,0,Map4,205.11627,229.09067,
0,NewMedia0,24243,398.30386,6886133881,0.04557,0.34335,398.10162,0.20224,305,1,0.08849,0.40125,1,0.62500,0.17083,0,,0.23454,0.17886,13.61068,0.66634,1,0.65252,0.43421,13.03441,0.66300,0,0,0.00000,6,3.42747,1,4.69656,0,0.00000,0,0.00000,0,0.00000,0,2147483647,2147483647,0,0.00000,0,Task,1566.48254,166.23769,
0,NewMedia0,24267,398.69171,6890012066,0.10946,0.40452,398.31415,0.37756,306,1,0.15790,0.41878,1,0.62500,0.17083,0,,0.28566,0.30558,16.17896,0.67011,1,0.65252,0.43421,13.03441,0.67708,0,0,0.00000,6,3.80765,1,4.69656,0,0.00000,0,0.00000,0,0.00000,0,2147483647,2147483647,0,0.00000,0,Task,185.76945,331.69519,
0,NewMedia0,24284,398.97336,6892828728,0.13398,0.43687,398.70840,0.26495,307,1,0.09600,0.50437,0,0.62500,0.17083,0,,0.32224,0.43762,17.04868,0.65000,0,0.65252,0.43421,13.03441,0.65000,0,85,0.00000,6,5.59505,0,4.69656,0,0.00000,0,0.00000,0,0.00000,0,2147483647,2147483647,0,0.00000,0,Task,78.16840,323.41998,
0,NewMedia0,24371,400.40335,6907128743,0.43264,0.55453,400.17166,0.23169,308,1,0.20892,0.44485,1,0.62500,0.17083,0,,0.12597,0.23251,13.23887,0.79156,1,0.52134,0.19361,14.77883,0.78726,1,0,0.00000,7,3.38407,1,4.97851,1,0.00000,0,0.00000,0,0.00000,0,2147483647,2147483647,0,0.00000,0,Map3,783.11768,347.50504,
0,NewMedia0,24388,400.68033,6909898234,0.18025,0.62952,400.46771,0.21262,309,1,0.07900,0.53377,1,0.62500,0.17083,0,,0.13588,0.18244,13.22559,0.75958,1,0.51137,0.07942,14.66273,0.76388,1,0,0.00000,7,3.61231,1,3.94799,1,0.00000,0,0.00000,0,0.00000,0,2147483647,2147483647,0,0.00000,0,,655.07996,189.48813,
0,NewMedia0,24409,401.02505,6913345615,0.07650,0.53997,400.74551,0.27954,310,1,0.05768,0.51136,1,0.01211,0.23264,0,,0.18536,0.13036,15.52625,0.75297,1,0.54471,-0.00114,16.77210,0.75297,0,0,0.00000,7,5.27256,1,5.30643,0,0.00000,0,0.00000,0,0.00000,0,2147483647,2147483647,0,0.00000,0,Task,295.24902,154.10286,
0,NewMedia0,24440,401.53540,6918449150,0.04333,0.47868,401.04605,0.48935,311,1,0.00977,0.49571,0,0.01094,0.41250,0,,0.01536,0.11155,18.45747,0.75297,0,0.54471,-0.00114,16.77210,0.75297,0,86,0.00000,7,7.51697,0,5.30643,0,0.00000,0,0.00000,0,0.00000,0,2147483647,2147483647,0,0.00000,0,Task,122.47445,133.89429,
0,NewMedia0,24575,403.75180,6940613027,0.98335,0.29661,403.67325,0.07855,312,1,0.84428,0.34867,1,0.04570,0.38333,0,,0.70316,0.05161,18.90028,0.75297,1,0.72992,0.18251,15.02216,0.75297,0,0,0.00000,9,20.32771,1,20.69649,0,0.00000,0,0.00000,0,0.00000,0,2147483647,2147483647,0,0.00000,0,,2420.69116,6.21780,
0,NewMedia0,24591,404.01492,6943244228,0.59743,0.35728,403.81750,0.19742,313,1,0.58039,0.50679,1,0.04570,0.38333,0,,0.57062,0.25379,17.31969,0.87986,1,0.95089,0.21429,20.28548,0.89194,1,0,0.00000,9,5.95790,1,5.05148,1,0.00000,0,0.00000,0,0.00000,0,2147483647,2147483647,0,0.00000,0,Map2,991.81055,185.05351,
0,NewMedia0,24609,404.31039,6946199137,0.42910,0.98846,404.13153,0.17886,314,1,0.43497,0.98221,0,0.04570,0.38333,0,,0.49443,0.44368,10.85751,0.73478,0,0.89640,0.32642,15.41744,0.73478,0,88,0.00000,9,3.31122,0,3.62037,0,0.00000,0,0.00000,0,0.00000,0,2147483647,2147483647,0,0.00000,0,,1005.87976,244.63358,
0,NewMedia0,24862,408.46811,6987776290,0.54725,0.33038,408.27100,0.19711,315,1,0.52389,0.26262,1,1.34531,0.40694,0,,0.30779,0.35012,15.50367,0.93289,1,0.67155,0.35891,16.01015,0.93289,1,0,0.00000,11,3.83019,1,4.09108,1,0.00000,0,0.00000,0,0.00000,0,2147483647,2147483647,0,0.00000,0,Map2,994.73462,72.29808,
0,NewMedia0,24887,408.88110,6991906177,0.47062,0.06379,408.53235,0.34875,316,1,0.38156,0.01850,1,1.34414,0.05069,0,,0.40294,0.35409,13.29974,1.04071,1,0.74845,0.33917,14.33607,1.04871,1,0,0.00000,11,4.28888,1,4.36830,1,0.00000,0,0.00000,0,0.00000,0,2147483647,2147483647,0,0.00000,0,,431.10898,117.06764,